Circuit,Initial time,Schedule time,Simulation time,Energy consumption,Circuits check,Failed state,Tableau partitions,Tableau memory,Tableau step speed,Circuit memory,Average parallel gates,Clifford gates
q100000_d100,341.98,227.31,2377.24,541.94, EQUIVALENT,0.00,1.00,4.66,392.02,90.59,68743.33,6874333.00
q10000_d100,33.73,24.61,11.62,0.83, EQUIVALENT,0.00,1.00,0.05,809.27,9.06,6880.26,688026.00
q1000_d100,3.31,2.40,2.15,0.12, NOT EQUIVALENT, 0,1.00,0.00,22.68,0.91,687.52,68752.00
q101000_d100,346.96,228.67,1206.68,251.64, NOT EQUIVALENT, 0,1.00,4.76,394.10,91.52,69451.50,6945150.00
q102000_d100,348.39,231.61,2461.20,563.96, EQUIVALENT,0.00,1.00,4.85,393.81,92.41,70128.94,7012894.00
q103000_d100,355.30,236.09,1256.49,264.85, NOT EQUIVALENT, 0,1.00,4.94,393.48,93.32,70815.84,7081584.00
q104000_d100,364.24,239.68,1268.00,265.47, NOT EQUIVALENT, 0,1.00,5.04,397.21,94.22,71502.26,7150226.00
q105000_d100,369.03,242.95,1291.62,273.22, NOT EQUIVALENT, 0,1.00,5.14,397.66,95.13,72191.04,7219104.00
q106000_d100,371.77,247.62,2629.21,606.55, EQUIVALENT,0.00,1.00,5.24,398.37,96.05,72887.91,7288791.00
q107000_d100,377.86,247.97,1336.81,284.18, NOT EQUIVALENT, 0,1.00,5.33,398.87,96.94,73567.47,7356747.00
q108000_d100,378.54,250.84,1361.52,293.46, NOT EQUIVALENT, 0,1.00,5.43,399.16,97.85,74259.36,7425936.00
q109000_d100,388.70,253.12,1387.13,298.28, NOT EQUIVALENT, 0,1.00,5.54,399.26,98.76,74940.84,7494084.00
q110000_d100,388.97,253.17,2831.31,654.99, EQUIVALENT,0.00,1.00,5.64,398.13,99.65,75617.19,7561719.00
q11000_d100,38.35,27.31,12.46,0.90, EQUIVALENT,0.00,1.00,0.06,906.03,9.97,7570.38,757038.00
q111000_d100,393.32,250.23,1445.38,315.13, NOT EQUIVALENT, 0,1.00,5.74,397.24,100.57,76324.75,7632475.00
q112000_d100,401.41,287.11,1476.41,321.75, NOT EQUIVALENT, 0,1.00,5.84,395.64,101.46,76985.28,7698528.00
q113000_d100,406.15,258.34,1504.78,326.41, NOT EQUIVALENT, 0,1.00,5.95,395.31,102.38,77694.38,7769438.00
q114000_d100,404.63,261.91,1529.75,333.24, NOT EQUIVALENT, 0,1.00,6.06,395.94,103.28,78370.59,7837059.00
q115000_d100,420.09,268.61,1562.78,339.86, NOT EQUIVALENT, 0,1.00,6.16,394.12,104.20,79075.55,7907555.00
q116000_d100,418.69,269.35,3177.56,722.07, NOT EQUIVALENT, +,1.00,6.27,394.61,105.10,79752.01,7975201.00
q117000_d100,427.35,273.05,1612.03,346.58, NOT EQUIVALENT, 0,1.00,6.38,395.81,106.01,80451.76,8045176.00
q118000_d100,423.76,271.94,3283.28,744.21, EQUIVALENT,0.00,1.00,6.49,395.07,106.91,81125.03,8112503.00
q119000_d100,437.81,280.18,3333.97,757.76, EQUIVALENT,0.00,1.00,6.60,395.85,107.81,81815.78,8181578.00
q120000_d100,439.15,291.95,1690.59,368.24, NOT EQUIVALENT, 0,1.00,6.71,396.64,108.73,82518.00,8251800.00
q12000_d100,42.02,29.48,7.47,0.50, NOT EQUIVALENT, 0,1.00,0.07,901.91,10.87,8247.62,824762.00
q121000_d100,432.19,281.15,1716.06,372.79, NOT EQUIVALENT, 0,1.00,6.82,397.45,109.61,83170.95,8317095.00
q122000_d100,445.69,286.95,1736.97,376.69, NOT EQUIVALENT, 0,1.00,6.94,399.34,110.54,83882.30,8388230.00
q123000_d100,452.34,289.45,1774.65,384.79, NOT EQUIVALENT, 0,1.00,7.05,397.03,111.44,84568.87,8456887.00
q124000_d100,447.54,286.71,1806.83,393.48, NOT EQUIVALENT, 0,1.00,7.16,396.48,112.34,85251.54,8525154.00
q125000_d100,465.38,294.47,1829.64,400.05, NOT EQUIVALENT, 0,1.00,7.28,398.03,113.25,85942.84,8594284.00
q126000_d100,468.62,294.15,1848.88,406.67, NOT EQUIVALENT, 0,1.00,7.39,399.96,114.16,86624.73,8662473.00
q127000_d100,475.86,295.49,1879.43,411.89, NOT EQUIVALENT, 0,1.00,7.51,399.88,115.06,87311.30,8731130.00
q128000_d100,468.66,295.69,1912.82,417.37, NOT EQUIVALENT, 0,1.00,7.63,398.86,115.96,87993.66,8799366.00
q129000_d100,488.98,306.92,2132.86,457.59, NOT EQUIVALENT, 0,1.00,7.75,363.45,116.87,88678.49,8867849.00
q130000_d100,486.69,302.96,1968.23,434.88, NOT EQUIVALENT, 0,1.00,7.88,400.13,117.78,89376.24,8937624.00
q13000_d100,47.65,35.51,35.73,2.33, EQUIVALENT,0.00,1.00,0.08,444.37,11.78,8943.89,894389.00
q131000_d100,484.18,303.99,1989.52,439.81, NOT EQUIVALENT, 0,1.00,7.99,401.72,118.69,90070.05,9007005.00
q132000_d100,500.46,311.54,4115.36,936.48, EQUIVALENT,0.00,1.00,8.12,394.50,119.58,90737.71,9073771.00
q133000_d100,508.84,315.07,4170.07,952.09, EQUIVALENT,0.00,1.00,8.24,395.39,120.50,91434.89,9143489.00
q134000_d100,504.79,313.21,2101.43,464.51, NOT EQUIVALENT, 0,1.00,8.36,397.99,121.40,92117.23,9211723.00
q135000_d100,510.45,315.86,4280.34,977.86, EQUIVALENT,0.00,1.00,8.49,396.78,122.31,92814.68,9281468.00
q136000_d100,517.74,328.81,2161.73,482.70, NOT EQUIVALENT, 0,1.00,8.61,398.43,123.21,93490.36,9349036.00
q137000_d100,527.93,335.10,4397.26,1007.05, EQUIVALENT,0.00,1.00,8.74,397.66,124.12,94192.73,9419273.00
q138000_d100,525.40,332.43,2219.68,494.42, NOT EQUIVALENT, 0,1.00,8.87,399.80,125.03,94880.72,9488072.00
q139000_d100,528.54,333.58,2255.85,503.17, NOT EQUIVALENT, 0,1.00,9.00,398.88,125.93,95561.50,9556150.00
q140000_d100,534.68,338.61,2285.61,509.46, NOT EQUIVALENT, 0,1.00,9.13,399.51,126.84,96250.71,9625071.00
q14000_d100,52.29,39.16,48.00,2.96, EQUIVALENT,0.00,1.00,0.09,381.21,12.69,9626.10,962610.00
q141000_d100,532.35,351.69,4649.03,1062.58, EQUIVALENT,0.00,1.00,9.27,398.59,127.75,96949.96,9694996.00
q142000_d100,537.23,334.18,2366.82,532.82, NOT EQUIVALENT, 0,1.00,9.39,396.81,128.66,97633.97,9763397.00
q143000_d100,542.06,343.22,2391.53,538.94, NOT EQUIVALENT, 0,1.00,9.53,398.39,129.56,98318.45,9831845.00
q144000_d100,558.40,346.28,4856.90,1110.48, EQUIVALENT,0.00,1.00,9.66,397.62,130.45,98982.72,9898272.00
q145000_d100,561.77,349.66,4917.23,1124.77, EQUIVALENT,0.00,1.00,9.79,398.35,131.38,99695.56,9969556.00
q146000_d100,558.76,348.94,2464.66,560.04, NOT EQUIVALENT, 0,1.00,9.93,403.00,132.28,100383.33,10038333.00
q147000_d100,578.15,363.06,2498.65,567.49, NOT EQUIVALENT, 0,1.00,10.06,402.76,133.19,101069.67,10106967.00
q148000_d100,567.64,353.62,5131.71,1176.88, EQUIVALENT,0.00,1.00,10.20,397.70,134.09,101750.61,10175061.00
q149000_d100,578.41,364.65,5196.90,1193.17, EQUIVALENT,0.00,1.00,10.35,398.16,134.99,102434.98,10243498.00
q150000_d100,584.39,363.57,2586.14,589.32, NOT EQUIVALENT, 0,1.00,10.48,405.22,135.89,103116.94,10311694.00
q15000_d100,56.15,39.43,29.58,1.69, NOT EQUIVALENT, 0,1.00,0.10,356.11,13.59,10312.04,1031204.00
q151000_d100,579.22,369.68,2617.51,593.69, NOT EQUIVALENT, 0,1.00,10.62,405.85,136.81,103812.71,10381271.00
q152000_d100,597.71,362.21,2690.99,611.23, NOT EQUIVALENT, 0,1.00,10.76,399.80,137.71,104495.75,10449575.00
q153000_d100,596.84,373.50,2727.52,620.50, NOT EQUIVALENT, 0,1.00,10.90,399.78,138.62,105192.58,10519258.00
q154000_d100,599.80,371.33,5541.56,1271.59, EQUIVALENT,0.00,1.00,11.05,398.82,139.52,105871.05,10587105.00
q155000_d100,615.37,384.84,2784.40,634.88, NOT EQUIVALENT, 0,1.00,11.19,401.84,140.43,106568.85,10656885.00
q156000_d100,612.24,374.85,5674.61,1305.03, EQUIVALENT,0.00,1.00,11.34,399.57,141.33,107238.81,10723881.00
q157000_d100,620.97,387.39,2870.88,657.85, NOT EQUIVALENT, 0,1.00,11.49,400.10,142.23,107924.94,10792494.00
q158000_d100,624.06,382.93,2897.50,662.96, NOT EQUIVALENT, 0,1.00,11.63,401.28,143.14,108619.37,10861937.00
q159000_d100,616.79,386.28,2939.85,674.07, NOT EQUIVALENT, 0,1.00,11.78,400.64,144.06,109321.46,10932146.00
q160000_d100,627.79,384.94,2976.82,679.36, NOT EQUIVALENT, 0,1.00,11.92,400.46,144.96,109999.01,10999901.00
q16000_d100,61.97,40.12,34.49,2.03, NOT EQUIVALENT, 0,1.00,0.12,345.66,14.50,11004.70,1100470.00
q161000_d100,631.47,396.69,6027.65,1384.63, EQUIVALENT,0.00,1.00,12.07,400.62,145.87,110692.35,11069235.00
q162000_d100,640.69,384.60,6100.18,1402.27, EQUIVALENT,0.00,1.00,12.23,400.91,146.76,111361.45,11136145.00
q163000_d100,637.68,394.68,3082.50,709.41, NOT EQUIVALENT, 0,1.00,12.37,401.41,147.67,112050.23,11205023.00
q164000_d100,637.13,385.34,3154.85,721.19, NOT EQUIVALENT, 0,1.00,12.53,397.15,148.57,112735.04,11273504.00
q165000_d100,642.85,395.06,3178.79,727.75, NOT EQUIVALENT, 0,1.00,12.69,399.09,149.49,113440.06,11344006.00
q166000_d100,662.49,393.83,3217.11,736.16, NOT EQUIVALENT, 0,1.00,12.83,398.94,150.39,114115.26,11411526.00
q167000_d100,664.77,386.46,3248.88,744.40, NOT EQUIVALENT, 0,1.00,12.99,399.93,151.31,114824.09,11482409.00
q168000_d100,668.59,388.67,3288.46,754.06, NOT EQUIVALENT, 0,1.00,13.14,399.67,152.20,115486.06,11548606.00
q169000_d100,676.17,389.04,3323.26,762.10, NOT EQUIVALENT, 0,1.00,13.30,400.32,153.12,116198.94,11619894.00
q170000_d100,680.95,395.91,3362.00,772.04, NOT EQUIVALENT, 0,1.00,13.46,400.51,154.02,116879.30,11687930.00
q17000_d100,65.50,40.87,39.56,2.25, NOT EQUIVALENT, 0,1.00,0.14,341.17,15.40,11688.10,1168810.00
q171000_d100,675.37,390.80,3400.02,776.39, NOT EQUIVALENT, 0,1.00,13.62,400.52,154.93,117568.74,11756874.00
q172000_d100,689.97,398.25,3601.21,810.11, NOT EQUIVALENT, 0,1.00,13.78,382.69,155.83,118248.69,11824869.00
q173000_d100,689.78,398.61,6977.05,1606.73, EQUIVALENT,0.00,1.00,13.95,399.76,156.72,118918.31,11891831.00
q174000_d100,696.00,402.21,3501.88,806.17, NOT EQUIVALENT, 0,1.00,14.10,402.67,157.64,119622.23,11962223.00
q175000_d100,703.26,410.74,3539.60,814.36, NOT EQUIVALENT, 0,1.00,14.27,403.08,158.54,120308.39,12030839.00
q176000_d100,705.27,405.30,3587.90,826.24, NOT EQUIVALENT, 0,1.00,14.42,402.03,159.45,120994.95,12099495.00
q177000_d100,702.14,418.80,7229.31,1667.29, NOT EQUIVALENT, +,1.00,14.59,403.71,160.36,121683.52,12168352.00
q178000_d100,712.99,412.35,3647.45,840.36, NOT EQUIVALENT, 0,1.00,14.76,404.72,161.27,122385.15,12238515.00
q179000_d100,720.87,418.58,3699.15,852.24, NOT EQUIVALENT, 0,1.00,14.92,403.38,162.18,123066.11,12306611.00
q180000_d100,718.75,414.70,3730.16,859.02, NOT EQUIVALENT, 0,1.00,15.09,404.62,163.08,123754.38,12375438.00
q18000_d100,69.84,43.25,44.49,2.52, NOT EQUIVALENT, 0,1.00,0.15,340.97,16.31,12372.47,1237247.00
q181000_d100,720.05,414.72,3821.92,878.52, NOT EQUIVALENT, 0,1.00,15.27,399.41,163.99,124446.77,12444677.00
q182000_d100,736.24,422.02,3846.77,880.63, NOT EQUIVALENT, 0,1.00,15.43,401.05,164.89,125123.44,12512344.00
q183000_d100,735.58,420.41,3882.04,889.89, NOT EQUIVALENT, 0,1.00,15.60,401.89,165.80,125817.03,12581703.00
q184000_d100,744.19,427.99,3928.96,904.34, NOT EQUIVALENT, 0,1.00,15.77,401.26,166.69,126482.72,12648272.00
q185000_d100,747.96,428.47,3978.76,915.21, NOT EQUIVALENT, 0,1.00,15.94,400.66,167.60,127175.95,12717595.00
q186000_d100,751.32,427.63,8030.88,1850.43, EQUIVALENT,0.00,1.00,16.12,401.41,168.52,127878.88,12787888.00
q187000_d100,759.82,437.71,4032.71,928.39, NOT EQUIVALENT, 0,1.00,16.29,403.83,169.42,128559.48,12855948.00
q188000_d100,756.01,437.96,4072.92,937.74, NOT EQUIVALENT, 0,1.00,16.46,404.23,170.33,129249.95,12924995.00
q189000_d100,758.86,440.81,4117.92,948.84, NOT EQUIVALENT, 0,1.00,16.64,404.18,171.24,129943.35,12994335.00
q190000_d100,761.46,441.82,8369.39,1931.91, EQUIVALENT,0.00,1.00,16.81,401.78,172.13,130621.40,13062140.00
q19000_d100,74.78,47.44,49.55,2.93, NOT EQUIVALENT, 0,1.00,0.17,339.57,17.22,13067.16,1306716.00
q191000_d100,769.36,445.41,4217.86,972.60, NOT EQUIVALENT, 0,1.00,17.00,402.93,173.04,131306.07,13130607.00
q192000_d100,775.13,444.69,4208.92,969.71, NOT EQUIVALENT, 0,1.00,17.17,407.85,173.95,132000.97,13200097.00
q193000_d100,785.06,458.20,4250.90,979.39, NOT EQUIVALENT, 0,1.00,17.35,408.14,174.86,132688.30,13268830.00
q194000_d100,772.59,457.21,4291.14,988.81, NOT EQUIVALENT, 0,1.00,17.53,408.62,175.77,133389.92,13338992.00
q195000_d100,783.74,449.77,4392.83,1010.30, NOT EQUIVALENT, 0,1.00,17.71,403.12,176.66,134053.86,13405386.00
q196000_d100,794.97,460.81,4422.95,1020.33, NOT EQUIVALENT, 0,1.00,17.89,404.59,177.57,134742.21,13474221.00
q197000_d100,791.21,462.69,4512.74,1039.58, NOT EQUIVALENT, 0,1.00,18.08,400.69,178.48,135439.91,13543991.00
q198000_d100,794.63,466.93,4544.34,1045.97, NOT EQUIVALENT, 0,1.00,18.26,401.79,179.38,136110.81,13611081.00
q199000_d100,813.91,469.63,4601.09,1060.01, NOT EQUIVALENT, 0,1.00,18.45,400.95,180.28,136794.38,13679438.00
q200000_d100,820.23,475.31,4637.38,1068.04, NOT EQUIVALENT, 0,1.00,18.63,401.66,181.20,137497.73,13749773.00
q20000_d100,79.67,49.01,54.69,3.26, NOT EQUIVALENT, 0,1.00,0.19,341.71,18.12,13756.51,1375651.00
q2000_d100,7.77,5.00,2.49,0.15, NOT EQUIVALENT, 0,1.00,0.00,78.65,1.81,1377.50,137750.00
q201000_d100,815.61,470.40,4673.65,1077.60, NOT EQUIVALENT, 0,1.00,18.82,402.63,182.11,138198.43,13819843.00
q202000_d100,837.01,589.88,4713.65,1086.09, NOT EQUIVALENT, 0,1.00,19.01,403.29,183.02,138888.95,13888895.00
q203000_d100,828.41,483.66,9567.99,2204.16, EQUIVALENT,0.00,1.00,19.19,401.15,183.92,139571.94,13957194.00
q204000_d100,830.97,480.66,4823.80,1111.13, NOT EQUIVALENT, 0,1.00,19.39,401.86,184.82,140250.15,14025015.00
q205000_d100,840.94,495.35,4858.99,1118.31, NOT EQUIVALENT, 0,1.00,19.58,402.97,185.71,140919.29,14091929.00
q206000_d100,832.32,482.45,4894.87,1129.99, NOT EQUIVALENT, 0,1.00,19.76,403.77,186.63,141616.85,14161685.00
q207000_d100,813.74,494.84,4946.74,1141.98, NOT EQUIVALENT, 0,1.00,19.96,403.52,187.54,142309.10,14230910.00
q208000_d100,837.28,497.64,4971.21,1149.79, NOT EQUIVALENT, 0,1.00,20.15,405.26,188.44,142990.56,14299056.00
q209000_d100,841.78,510.27,5017.71,1159.92, NOT EQUIVALENT, 0,1.00,20.34,405.47,189.37,143706.63,14370663.00
q210000_d100,836.26,498.88,5059.84,1169.51, NOT EQUIVALENT, 0,1.00,20.55,406.04,190.26,144376.32,14437632.00
q21000_d100,82.36,51.39,60.06,3.55, NOT EQUIVALENT, 0,1.00,0.21,343.75,19.03,14437.82,1443782.00
q211000_d100,827.08,511.00,10285.96,2380.96, EQUIVALENT,0.00,1.00,20.73,403.14,191.15,145049.54,14504954.00
q212000_d100,860.11,504.68,5177.99,1197.90, NOT EQUIVALENT, 0,1.00,20.93,404.31,192.07,145753.38,14575338.00
q213000_d100,849.58,511.87,5258.22,1210.95, NOT EQUIVALENT, 0,1.00,21.14,401.99,192.98,146439.96,14643996.00
q214000_d100,851.16,502.83,5347.46,1233.82, NOT EQUIVALENT, 0,1.00,21.33,398.86,193.88,147119.95,14711995.00
q215000_d100,873.38,510.64,5962.62,1325.92, NOT EQUIVALENT, 0,1.00,21.53,361.14,194.78,147802.50,14780250.00
q216000_d100,862.35,514.25,5411.97,1250.58, NOT EQUIVALENT, 0,1.00,21.73,401.44,195.69,148497.73,14849773.00
q217000_d100,870.61,524.59,5420.78,1252.16, NOT EQUIVALENT, 0,1.00,21.93,404.60,196.60,149194.28,14919428.00
q218000_d100,871.91,511.08,10997.16,2543.45, EQUIVALENT,0.00,1.00,22.14,402.65,197.50,149863.66,14986366.00
q219000_d100,873.11,509.98,5509.23,1273.97, NOT EQUIVALENT, 0,1.00,22.34,405.42,198.41,150566.77,15056677.00
q220000_d100,882.41,523.42,5551.12,1283.04, NOT EQUIVALENT, 0,1.00,22.55,406.13,199.31,151238.65,15123865.00
q22000_d100,86.55,54.58,64.95,3.96, NOT EQUIVALENT, 0,1.00,0.23,347.52,19.94,15131.36,1513136.00
q221000_d100,873.21,536.09,5602.85,1294.65, NOT EQUIVALENT, 0,1.00,22.75,406.13,200.22,151928.24,15192824.00
q222000_d100,887.68,519.65,3856.96,884.89, NOT EQUIVALENT, 0,2.00,15.30,793.59,201.13,152625.45,15262545.00
q223000_d100,895.92,534.46,11661.81,2684.17, NOT EQUIVALENT, +,2.00,15.44,529.64,202.03,153311.82,15331182.00
q224000_d100,893.82,526.88,3896.29,896.51, NOT EQUIVALENT, 0,2.00,15.57,799.45,202.93,153985.20,15398520.00
q225000_d100,889.37,522.88,3917.10,899.52, NOT EQUIVALENT, 0,2.00,15.72,802.61,203.85,154684.80,15468480.00
q226000_d100,912.42,543.18,3972.02,915.36, NOT EQUIVALENT, 0,2.00,15.87,798.84,204.76,155377.52,15537752.00
q227000_d100,908.66,534.13,3985.59,916.61, NOT EQUIVALENT, 0,2.00,16.00,802.90,205.66,156064.64,15606464.00
q228000_d100,913.68,550.62,4064.24,932.10, NOT EQUIVALENT, 0,2.00,16.14,794.26,206.55,156733.81,15673381.00
q229000_d100,907.60,533.56,16405.66,3557.77, EQUIVALENT,0.00,2.00,16.29,397.13,207.48,157446.56,15744656.00
q230000_d100,920.77,543.05,4135.25,948.80, NOT EQUIVALENT, 0,2.00,16.43,794.37,208.39,158137.37,15813737.00
q23000_d100,88.88,55.30,70.23,4.07, NOT EQUIVALENT, 0,1.00,0.25,351.97,20.84,15811.54,1581154.00
q231000_d100,912.61,546.20,4141.70,952.35, NOT EQUIVALENT, 0,2.00,16.57,800.32,209.28,158814.59,15881459.00
q232000_d100,917.84,535.94,4169.60,957.99, NOT EQUIVALENT, 0,2.00,16.71,801.59,210.18,159484.89,15948489.00
q233000_d100,929.99,540.42,4196.00,963.98, NOT EQUIVALENT, 0,2.00,16.86,803.37,211.08,160171.75,16017175.00
q234000_d100,930.00,541.01,17073.07,3708.25, EQUIVALENT,0.00,2.00,17.01,398.42,212.00,160873.29,16087329.00
q235000_d100,928.49,543.79,4287.52,986.56, NOT EQUIVALENT, 0,2.00,17.14,799.78,212.91,161564.31,16156431.00
q236000_d100,942.55,558.47,4292.99,989.13, NOT EQUIVALENT, 0,2.00,17.30,805.84,213.80,162237.12,16223712.00
q237000_d100,932.71,549.71,17495.53,3808.45, EQUIVALENT,0.00,2.00,17.44,398.80,214.73,162948.44,16294844.00
q238000_d100,954.47,558.72,4394.70,1011.57, NOT EQUIVALENT, 0,2.00,17.59,800.27,215.63,163626.72,16362672.00
q239000_d100,939.40,559.96,17796.43,3876.03, EQUIVALENT,0.00,2.00,17.74,398.70,216.52,164294.57,16429457.00
q240000_d100,960.92,562.25,4456.78,1026.30, NOT EQUIVALENT, 0,2.00,17.88,802.44,217.43,164995.40,16499540.00
q24000_d100,92.31,59.90,76.31,4.78, NOT EQUIVALENT, 0,1.00,0.27,351.48,21.74,16497.83,1649783.00
q241000_d100,959.07,569.41,4497.08,1034.68, NOT EQUIVALENT, 0,2.00,18.04,802.15,218.34,165678.82,16567882.00
q242000_d100,983.06,575.59,13645.59,3148.68, NOT EQUIVALENT, +,2.00,18.19,533.08,219.24,166360.68,16636068.00
q243000_d100,972.63,568.55,18439.40,4014.16, EQUIVALENT,0.00,2.00,18.33,397.63,220.16,167062.06,16706206.00
q244000_d100,983.79,581.32,4617.38,1064.18, NOT EQUIVALENT, 0,2.00,18.49,800.77,221.06,167754.16,16775416.00
q245000_d100,966.04,571.21,14025.30,3231.32, NOT EQUIVALENT, +,2.00,18.64,531.76,221.97,168441.99,16844199.00
q246000_d100,985.10,583.71,4713.91,1082.99, NOT EQUIVALENT, 0,2.00,18.79,797.28,222.86,169108.23,16910823.00
q247000_d100,984.90,580.61,4760.63,1093.87, NOT EQUIVALENT, 0,2.00,18.94,795.84,223.78,169812.67,16981267.00
q248000_d100,983.72,597.52,4813.97,1107.72, NOT EQUIVALENT, 0,2.00,19.09,793.15,224.69,170509.98,17050998.00
q249000_d100,998.70,586.55,4816.50,1107.34, NOT EQUIVALENT, 0,2.00,19.25,799.39,225.60,171194.50,17119450.00
q250000_d100,994.52,587.43,4850.34,1113.57, NOT EQUIVALENT, 0,2.00,19.41,800.46,226.49,171867.37,17186737.00
q25000_d100,97.35,72.36,82.23,5.10, NOT EQUIVALENT, 0,1.00,0.29,354.64,22.65,17184.39,1718439.00
q251000_d100,993.54,588.73,19656.45,4269.70, EQUIVALENT,0.00,2.00,19.56,398.07,227.41,172566.08,17256608.00
q252000_d100,1013.40,595.68,19795.63,4316.41, EQUIVALENT,0.00,2.00,19.72,398.41,228.31,173250.23,17325023.00
q253000_d100,1005.65,591.91,20040.93,4352.25, EQUIVALENT,0.00,2.00,19.88,396.78,229.21,173933.11,17393311.00
q254000_d100,1015.75,602.89,5015.32,1157.79, NOT EQUIVALENT, 0,2.00,20.03,798.79,230.11,174607.78,17460778.00
q255000_d100,1022.13,602.30,5030.46,1160.29, NOT EQUIVALENT, 0,2.00,20.20,802.92,231.01,175284.50,17528450.00
q256000_d100,995.75,589.66,5056.00,1165.74, NOT EQUIVALENT, 0,2.00,20.35,804.89,231.94,176001.39,17600139.00
q257000_d100,1013.61,602.28,5109.73,1178.49, NOT EQUIVALENT, 0,2.00,20.51,802.61,232.84,176685.86,17668586.00
q258000_d100,1013.77,603.48,5475.17,1232.66, NOT EQUIVALENT, 0,2.00,20.67,755.12,233.72,177347.03,17734703.00
q259000_d100,1032.71,612.77,5190.84,1197.16, NOT EQUIVALENT, 0,2.00,20.83,802.41,234.65,178060.33,17806033.00
q260000_d100,1037.26,614.84,5218.84,1203.07, NOT EQUIVALENT, 0,2.00,20.99,804.53,235.57,178765.38,17876538.00
q26000_d100,100.88,70.51,175.60,14.35, EQUIVALENT,0.00,1.00,0.32,359.86,23.56,17882.70,1788270.00
q261000_d100,1031.65,606.79,21143.98,4605.54, EQUIVALENT,0.00,2.00,21.15,400.19,236.47,179447.22,17944722.00
q262000_d100,1046.82,620.60,21247.18,4631.59, EQUIVALENT,0.00,2.00,21.31,401.18,237.38,180139.16,18013916.00
q263000_d100,1044.77,615.18,5347.22,1233.73, NOT EQUIVALENT, 0,2.00,21.48,803.39,238.28,180818.01,18081801.00
q264000_d100,1037.88,619.59,5356.11,1237.70, NOT EQUIVALENT, 0,2.00,21.64,807.92,239.17,181489.66,18148966.00
q265000_d100,1061.16,625.93,21770.32,4751.97, EQUIVALENT,0.00,2.00,21.81,400.68,240.09,182190.47,18219047.00
q266000_d100,1047.00,624.72,5475.27,1260.66, NOT EQUIVALENT, 0,2.00,21.97,802.55,241.00,182879.36,18287936.00
q267000_d100,1046.83,621.54,22123.35,4824.91, EQUIVALENT,0.00,2.00,22.13,400.12,241.89,183552.08,18355208.00
q268000_d100,1053.88,627.65,22134.16,4834.05, EQUIVALENT,0.00,2.00,22.30,403.04,242.81,184251.72,18425172.00
q269000_d100,1065.86,629.77,5598.93,1293.70, NOT EQUIVALENT, 0,2.00,22.48,802.86,243.71,184933.87,18493387.00
q270000_d100,1058.90,632.21,5628.23,1297.88, NOT EQUIVALENT, 0,2.00,22.64,804.39,244.63,185641.83,18564183.00
q27000_d100,104.11,73.83,94.50,6.36, NOT EQUIVALENT, 0,1.00,0.34,359.46,24.46,18563.70,1856370.00
q271000_d100,1064.08,621.86,23200.23,4885.70, EQUIVALENT,0.00,3.00,15.20,393.15,245.52,186305.14,18630514.00
q272000_d100,1069.52,640.25,3857.83,887.00, NOT EQUIVALENT, 0,3.00,15.31,1190.78,246.43,186997.67,18699767.00
q273000_d100,1064.91,630.07,3875.69,890.28, NOT EQUIVALENT, 0,3.00,15.43,1194.16,247.33,187683.60,18768360.00
q274000_d100,1051.71,627.89,3900.55,897.20, NOT EQUIVALENT, 0,3.00,15.54,1195.40,248.25,188385.85,18838585.00
q275000_d100,1067.48,629.10,3952.09,909.66, NOT EQUIVALENT, 0,3.00,15.65,1188.29,249.14,189049.99,18904999.00
q276000_d100,1082.86,644.77,3948.04,907.90, NOT EQUIVALENT, 0,3.00,15.77,1198.32,250.05,189746.10,18974610.00
q277000_d100,1091.52,647.98,4018.52,917.30, NOT EQUIVALENT, 0,3.00,15.89,1185.98,250.96,190432.38,19043238.00
q278000_d100,1092.23,650.43,4048.06,927.55, NOT EQUIVALENT, 0,3.00,16.00,1185.71,251.85,191102.25,19110225.00
q279000_d100,1091.74,648.54,4082.14,936.17, NOT EQUIVALENT, 0,3.00,16.12,1184.42,252.77,191816.00,19181600.00
q280000_d100,1093.13,653.32,4080.06,934.49, NOT EQUIVALENT, 0,3.00,16.23,1193.39,253.67,192493.55,19249355.00
q28000_d100,106.68,75.66,101.03,6.12, NOT EQUIVALENT, 0,1.00,0.37,362.17,25.37,19253.10,1925310.00
q281000_d100,1074.63,636.42,24953.86,5235.35, EQUIVALENT,0.00,3.00,16.34,392.88,254.58,193178.16,19317816.00
q282000_d100,1105.96,660.09,4139.49,949.28, NOT EQUIVALENT, 0,3.00,16.47,1193.39,255.49,193880.60,19388060.00
q283000_d100,1104.03,653.93,4147.78,952.86, NOT EQUIVALENT, 0,3.00,16.57,1198.72,256.38,194541.84,19454184.00
q284000_d100,1112.49,669.29,25397.60,5331.91, EQUIVALENT,0.00,3.00,16.70,394.55,257.30,195243.32,19524332.00
q285000_d100,1108.03,659.43,4230.00,973.17, NOT EQUIVALENT, 0,3.00,16.81,1192.36,258.22,195949.06,19594906.00
q286000_d100,1113.73,670.52,4245.45,974.28, NOT EQUIVALENT, 0,3.00,16.93,1196.24,259.12,196632.51,19663251.00
q287000_d100,1113.87,666.99,4299.16,987.33, NOT EQUIVALENT, 0,3.00,17.05,1189.70,260.02,197309.21,19730921.00
q288000_d100,1124.94,671.70,4358.11,997.84, NOT EQUIVALENT, 0,3.00,17.17,1181.67,260.93,198004.55,19800455.00
q289000_d100,1115.02,669.18,4336.05,995.29, NOT EQUIVALENT, 0,3.00,17.29,1196.08,261.83,198687.62,19868762.00
q290000_d100,1148.21,691.24,4359.55,997.17, NOT EQUIVALENT, 0,3.00,17.41,1198.01,262.75,199387.34,19938734.00
q29000_d100,109.91,78.23,106.89,7.08, NOT EQUIVALENT, 0,1.00,0.39,367.79,26.27,19935.12,1993512.00
q291000_d100,1120.06,666.43,4427.68,1014.74, NOT EQUIVALENT, 0,3.00,17.53,1187.59,263.64,200064.69,20006469.00
q292000_d100,1151.69,677.59,4422.14,1012.28, NOT EQUIVALENT, 0,3.00,17.65,1197.40,264.54,200733.33,20073333.00
q293000_d100,1119.16,673.52,4448.05,1018.62, NOT EQUIVALENT, 0,3.00,17.77,1198.72,265.44,201421.64,20142164.00
q294000_d100,1148.81,694.57,4492.98,1030.08, NOT EQUIVALENT, 0,3.00,17.89,1194.72,266.36,202128.17,20212817.00
q295000_d100,1144.20,686.93,4596.09,1047.16, NOT EQUIVALENT, 0,3.00,18.02,1176.00,267.25,202785.75,20278575.00
q296000_d100,1144.26,693.77,4628.07,1055.37, NOT EQUIVALENT, 0,3.00,18.13,1175.10,268.16,203479.29,20347929.00
q297000_d100,1157.22,699.91,28013.61,5822.97, EQUIVALENT,0.00,3.00,18.26,391.13,269.07,204176.38,20417638.00
q298000_d100,1157.35,702.37,4675.87,1069.69, NOT EQUIVALENT, 0,3.00,18.39,1179.68,269.98,204869.84,20486984.00
q299000_d100,1153.38,698.40,4670.68,1069.02, NOT EQUIVALENT, 0,3.00,18.51,1188.81,270.89,205561.94,20556194.00
q300000_d100,1168.56,704.27,4695.99,1074.39, NOT EQUIVALENT, 0,3.00,18.62,1189.88,271.79,206243.43,20624343.00
q30000_d100,113.08,80.30,113.38,7.18, NOT EQUIVALENT, 0,1.00,0.42,370.04,27.18,20628.79,2062879.00
q3000_d100,11.09,7.38,5.34,0.34, NOT EQUIVALENT, +,1.00,0.00,157.96,2.72,2063.03,206303.00
q301000_d100,1156.96,691.27,4751.50,1086.74, NOT EQUIVALENT, 0,3.00,18.76,1184.52,272.69,206926.08,20692608.00
q302000_d100,1176.97,710.38,4777.08,1092.45, NOT EQUIVALENT, 0,3.00,18.88,1185.33,273.60,207614.84,20761484.00
q303000_d100,1170.45,703.59,4799.46,1097.49, NOT EQUIVALENT, 0,3.00,19.01,1188.31,274.51,208309.49,20830949.00
q304000_d100,1169.20,709.43,4814.48,1101.81, NOT EQUIVALENT, 0,3.00,19.12,1191.75,275.44,209022.74,20902274.00
q305000_d100,1189.76,709.59,4861.55,1112.01, NOT EQUIVALENT, 0,3.00,19.25,1188.11,276.34,209700.25,20970025.00
q306000_d100,1204.21,727.97,4856.76,1113.06, NOT EQUIVALENT, 0,3.00,19.38,1197.22,277.23,210369.90,21036990.00
q307000_d100,1202.69,727.87,4915.85,1122.49, NOT EQUIVALENT, 0,3.00,19.51,1190.45,278.14,211059.61,21105961.00
q308000_d100,1207.30,733.93,4926.34,1129.03, NOT EQUIVALENT, 0,3.00,19.64,1195.79,279.04,211745.97,21174597.00
q309000_d100,1210.11,732.98,4956.00,1136.41, NOT EQUIVALENT, 0,3.00,19.77,1196.49,279.95,212442.68,21244268.00
q310000_d100,1209.85,735.63,4967.79,1139.59, NOT EQUIVALENT, 0,3.00,19.89,1201.26,280.84,213107.70,21310770.00
q31000_d100,118.39,76.46,121.03,7.88, NOT EQUIVALENT, 0,1.00,0.45,370.69,28.08,21310.37,2131037.00
q311000_d100,1206.80,726.51,30515.86,6363.46, EQUIVALENT,0.00,3.00,20.02,393.68,281.76,213810.22,21381022.00
q312000_d100,1223.48,745.04,5043.63,1159.43, NOT EQUIVALENT, 0,3.00,20.15,1198.51,282.67,214494.15,21449415.00
q313000_d100,1222.43,731.20,5061.68,1162.52, NOT EQUIVALENT, 0,3.00,20.28,1202.03,283.55,215160.31,21516031.00
q314000_d100,1234.74,751.68,20561.01,4730.95, NOT EQUIVALENT, +,3.00,20.41,595.67,284.47,215856.30,21585630.00
q315000_d100,1224.29,735.50,5120.85,1177.68, NOT EQUIVALENT, 0,3.00,20.53,1202.82,285.40,216574.50,21657450.00
q316000_d100,1192.75,727.96,5185.31,1191.78, NOT EQUIVALENT, 0,3.00,20.67,1196.09,286.28,217233.81,21723381.00
q317000_d100,1225.23,740.99,5208.27,1196.47, NOT EQUIVALENT, 0,3.00,20.81,1198.48,287.20,217945.40,21794540.00
q318000_d100,1222.48,746.44,5267.35,1207.11, NOT EQUIVALENT, 0,3.00,20.94,1192.41,288.12,218641.16,21864116.00
q319000_d100,1227.46,745.22,32039.99,6706.80, EQUIVALENT,0.00,3.00,21.06,394.39,289.00,219296.56,21929656.00
q320000_d100,1221.70,744.11,5310.54,1221.00, NOT EQUIVALENT, 0,3.00,21.19,1197.09,289.91,219995.91,21999591.00
q32000_d100,119.76,78.89,127.37,8.39, NOT EQUIVALENT, 0,1.00,0.48,374.37,28.99,21992.54,2199254.00
q321000_d100,1223.22,746.96,5338.45,1225.99, NOT EQUIVALENT, 0,3.00,21.32,1198.41,290.82,220678.56,22067856.00
q322000_d100,1245.17,765.10,5370.25,1230.97, NOT EQUIVALENT, 0,3.00,21.47,1199.40,291.73,221372.68,22137268.00
q323000_d100,1241.10,748.06,5424.41,1241.77, NOT EQUIVALENT, 0,3.00,21.59,1194.16,292.62,222046.52,22204652.00
q324000_d100,1202.06,742.06,5439.03,1247.85, NOT EQUIVALENT, 0,3.00,21.73,1198.45,293.53,222730.34,22273034.00
q325000_d100,1243.28,755.41,33214.85,6951.64, EQUIVALENT,0.00,3.00,21.86,394.97,294.41,223394.42,22339442.00
q326000_d100,1264.65,774.52,5431.61,1252.11, NOT EQUIVALENT, 0,3.00,22.00,1214.95,295.34,224109.48,22410948.00
q327000_d100,1255.90,766.35,33250.15,6993.74, EQUIVALENT,0.00,3.00,22.13,399.42,296.25,224806.75,22480675.00
q328000_d100,1276.54,785.75,5544.15,1278.95, NOT EQUIVALENT, 0,3.00,22.27,1204.94,297.16,225498.40,22549840.00
q329000_d100,1261.16,773.96,5571.69,1283.28, NOT EQUIVALENT, 0,3.00,22.41,1206.42,298.06,226170.42,22617042.00
q330000_d100,1273.21,778.90,34075.53,7136.39, EQUIVALENT,0.00,3.00,22.55,396.96,298.96,226855.92,22685592.00
q33000_d100,124.26,82.02,268.33,24.38, EQUIVALENT,0.00,1.00,0.51,378.52,29.91,22696.47,2269647.00
q331000_d100,1251.04,762.31,34021.26,7173.18, EQUIVALENT,0.00,3.00,22.68,399.97,299.88,227565.35,22756535.00
q332000_d100,1283.74,785.32,3913.91,890.79, NOT EQUIVALENT, 0,4.00,15.21,1554.37,300.79,228253.13,22825313.00
q333000_d100,1276.20,775.06,3959.67,901.83, NOT EQUIVALENT, 0,4.00,15.31,1546.16,301.69,228926.42,22892642.00
q334000_d100,1266.72,776.82,3980.54,904.94, NOT EQUIVALENT, 0,4.00,15.39,1546.48,302.60,229624.84,22962484.00
q335000_d100,1288.04,799.05,3987.53,904.38, NOT EQUIVALENT, 0,4.00,15.49,1553.52,303.49,230287.38,23028738.00
q336000_d100,1282.97,789.87,3993.24,906.38, NOT EQUIVALENT, 0,4.00,15.57,1559.75,304.42,231005.16,23100516.00
q337000_d100,1293.90,793.46,4015.35,911.29, NOT EQUIVALENT, 0,4.00,15.68,1561.89,305.31,231680.61,23168061.00
q338000_d100,1290.81,796.85,4036.13,914.45, NOT EQUIVALENT, 0,4.00,15.77,1562.57,306.24,232389.28,23238928.00
q339000_d100,1315.24,809.90,4070.79,923.23, NOT EQUIVALENT, 0,4.00,15.85,1557.63,307.13,233065.21,23306521.00
q340000_d100,1292.38,791.37,20516.01,4672.57, NOT EQUIVALENT, +,4.00,15.95,621.97,308.04,233758.80,23375880.00
q34000_d100,125.28,81.68,145.21,10.29, NOT EQUIVALENT, 0,1.00,0.54,371.76,30.80,23376.52,2337652.00
q341000_d100,1278.67,778.45,4110.78,933.49, NOT EQUIVALENT, 0,4.00,16.05,1561.69,308.93,234416.92,23441692.00
q342000_d100,1310.54,809.64,4117.01,935.30, NOT EQUIVALENT, 0,4.00,16.14,1567.67,309.85,235129.08,23512908.00
q343000_d100,1306.16,798.51,33480.89,7097.38, EQUIVALENT,0.00,4.00,16.23,387.92,310.76,235819.92,23581992.00
q344000_d100,1314.81,815.01,33640.75,7167.05, EQUIVALENT,0.00,4.00,16.33,388.37,311.66,236497.00,23649700.00
q345000_d100,1337.65,820.27,4194.53,957.80, NOT EQUIVALENT, 0,4.00,16.42,1565.96,312.56,237181.41,23718141.00
q346000_d100,1321.12,814.30,4235.82,967.14, NOT EQUIVALENT, 0,4.00,16.52,1560.17,313.46,237860.93,23786093.00
q347000_d100,1320.72,811.63,4229.61,964.99, NOT EQUIVALENT, 0,4.00,16.62,1571.69,314.36,238543.73,23854373.00
q348000_d100,1329.09,817.82,4245.74,967.87, NOT EQUIVALENT, 0,4.00,16.71,1574.24,315.29,239254.56,23925456.00
q349000_d100,1307.79,809.26,4308.26,976.22, NOT EQUIVALENT, 0,4.00,16.81,1560.79,316.18,239916.40,23991640.00
q350000_d100,1374.59,824.38,4319.20,983.36, NOT EQUIVALENT, 0,4.00,16.91,1565.95,317.10,240630.24,24063024.00
q35000_d100,128.48,83.80,153.05,11.49, NOT EQUIVALENT, 0,1.00,0.57,372.89,31.71,24064.40,2406440.00
q351000_d100,1312.18,809.56,4327.68,985.73, NOT EQUIVALENT, 0,4.00,17.00,1571.32,318.01,241322.00,24132200.00
q352000_d100,1359.81,838.59,4342.04,988.61, NOT EQUIVALENT, 0,4.00,17.10,1575.24,318.90,241987.37,24198737.00
q353000_d100,1343.78,820.94,4396.16,1000.67, NOT EQUIVALENT, 0,4.00,17.19,1564.20,319.81,242680.19,24268019.00
q354000_d100,1342.33,826.31,4404.46,1002.95, NOT EQUIVALENT, 0,4.00,17.29,1570.57,320.72,243372.94,24337294.00
q355000_d100,1344.87,829.89,4416.92,1004.41, NOT EQUIVALENT, 0,4.00,17.38,1574.22,321.62,244054.96,24405496.00
q356000_d100,1345.13,828.09,4448.73,1011.70, NOT EQUIVALENT, 0,4.00,17.50,1573.20,322.53,244752.37,24475237.00
q357000_d100,1357.54,842.58,4493.33,1022.07, NOT EQUIVALENT, 0,4.00,17.59,1565.85,323.44,245444.28,24544428.00
q358000_d100,1358.50,842.84,4496.78,1022.86, NOT EQUIVALENT, 0,4.00,17.68,1572.66,324.35,246131.11,24613111.00
q359000_d100,1355.88,834.35,4496.50,1023.04, NOT EQUIVALENT, 0,4.00,17.78,1582.01,325.25,246808.40,24680840.00
q360000_d100,1361.28,838.03,4549.04,1033.90, NOT EQUIVALENT, 0,4.00,17.89,1572.64,326.14,247484.66,24748466.00
q36000_d100,133.63,88.19,160.15,11.40, NOT EQUIVALENT, 0,1.00,0.60,377.50,32.61,24747.71,2474771.00
q361000_d100,1337.29,822.09,36824.61,7799.05, EQUIVALENT,0.00,4.00,17.98,390.58,327.06,248189.13,24818913.00
q362000_d100,1374.33,852.27,37118.87,7896.11, EQUIVALENT,0.00,4.00,18.08,389.75,327.94,248836.36,24883636.00
q363000_d100,1368.95,846.14,4605.06,1056.56, NOT EQUIVALENT, 0,4.00,18.19,1579.64,328.86,249545.22,24954522.00
q364000_d100,1370.70,850.51,4626.96,1058.81, NOT EQUIVALENT, 0,4.00,18.28,1580.35,329.77,250238.94,25023894.00
q365000_d100,1389.05,858.58,4646.92,1063.25, NOT EQUIVALENT, 0,4.00,18.39,1582.67,330.70,250950.12,25095012.00
q366000_d100,1404.82,863.83,9508.52,2172.63, NOT EQUIVALENT, 0,4.00,18.49,777.80,331.59,251618.23,25161823.00
q367000_d100,1396.37,860.58,4710.56,1075.89, NOT EQUIVALENT, 0,4.00,18.59,1578.14,332.46,252267.88,25226788.00
q368000_d100,1402.40,871.03,4711.57,1076.86, NOT EQUIVALENT, 0,4.00,18.68,1585.65,333.37,252952.98,25295298.00
q369000_d100,1406.73,867.86,4734.71,1081.39, NOT EQUIVALENT, 0,4.00,18.80,1587.87,334.29,253666.36,25366636.00
q370000_d100,1416.44,881.22,4767.40,1087.94, NOT EQUIVALENT, 0,4.00,18.89,1585.05,335.22,254377.27,25437727.00
q37000_d100,137.68,90.80,168.99,12.57, NOT EQUIVALENT, 0,1.00,0.64,378.39,33.52,25434.44,2543444.00
q371000_d100,1386.16,857.15,4849.79,1106.51, NOT EQUIVALENT, 0,4.00,19.00,1566.73,336.11,255047.46,25504746.00
q372000_d100,1409.93,877.13,4817.65,1099.55, NOT EQUIVALENT, 0,4.00,19.09,1585.22,337.01,255725.46,25572546.00
q373000_d100,1418.14,868.04,4839.53,1104.93, NOT EQUIVALENT, 0,4.00,19.20,1586.99,337.92,256418.13,25641813.00
q374000_d100,1425.53,883.65,39682.24,8426.24, EQUIVALENT,0.00,4.00,19.30,388.98,338.84,257121.26,25712126.00
q375000_d100,1418.72,878.25,4883.49,1118.76, NOT EQUIVALENT, 0,4.00,19.41,1590.22,339.75,257814.63,25781463.00
q376000_d100,1423.97,888.87,4957.49,1131.07, NOT EQUIVALENT, 0,4.00,19.51,1574.11,340.65,258492.68,25849268.00
q377000_d100,1405.31,872.18,5006.20,1141.07, NOT EQUIVALENT, 0,4.00,19.61,1566.63,341.55,259170.14,25917014.00
q378000_d100,1434.28,887.33,25133.25,5752.86, NOT EQUIVALENT, +,4.00,19.72,627.59,342.48,259890.04,25989004.00
q379000_d100,1430.57,891.48,5005.16,1145.08, NOT EQUIVALENT, 0,4.00,19.82,1584.23,343.39,260591.48,26059148.00
q380000_d100,1423.28,881.10,5045.10,1152.66, NOT EQUIVALENT, 0,4.00,19.92,1579.53,344.28,261257.12,26125712.00
q38000_d100,139.35,92.85,357.78,35.09, EQUIVALENT,0.00,1.00,0.67,376.20,34.43,26128.36,2612836.00
q381000_d100,1427.58,894.10,5122.61,1168.88, NOT EQUIVALENT, 0,4.00,20.03,1564.25,345.19,261945.15,26194515.00
q382000_d100,1443.07,907.06,5091.39,1162.83, NOT EQUIVALENT, 0,4.00,20.14,1582.28,346.08,262614.29,26261429.00
q383000_d100,1442.32,897.83,41234.23,8850.62, EQUIVALENT,0.00,4.00,20.24,392.68,347.00,263317.15,26331715.00
q384000_d100,1462.54,915.64,41498.76,8947.41, EQUIVALENT,0.00,4.00,20.35,392.25,347.90,263993.84,26399384.00
q385000_d100,1460.19,905.42,5186.63,1193.99, NOT EQUIVALENT, 0,4.00,20.46,1577.85,348.80,264679.95,26467995.00
q386000_d100,1457.71,914.74,5157.81,1187.94, NOT EQUIVALENT, 0,4.00,20.56,1594.45,349.71,265366.43,26536643.00
q387000_d100,1417.91,890.17,5197.95,1195.83, NOT EQUIVALENT, 0,4.00,20.66,1589.62,350.62,266057.48,26605748.00
q388000_d100,1487.31,928.68,5278.66,1209.68, NOT EQUIVALENT, 0,4.00,20.78,1574.72,351.51,266737.42,26673742.00
q389000_d100,1482.92,922.55,5300.75,1212.82, NOT EQUIVALENT, 0,4.00,20.88,1575.79,352.41,267405.02,26740502.00
q390000_d100,1453.49,914.28,5342.58,1224.20, NOT EQUIVALENT, 0,4.00,20.99,1571.66,353.30,268076.56,26807656.00
q39000_d100,142.91,95.50,188.53,15.16, NOT EQUIVALENT, 0,1.00,0.71,376.46,35.33,26807.63,2680763.00
q391000_d100,1463.67,914.20,5339.71,1222.93, NOT EQUIVALENT, 0,4.00,21.09,1580.13,354.21,268768.27,26876827.00
q392000_d100,1429.91,908.50,5369.17,1226.76, NOT EQUIVALENT, 0,4.00,21.20,1579.67,355.14,269483.53,26948353.00
q393000_d100,1487.08,929.64,43544.49,9288.24, EQUIVALENT,0.00,4.00,21.31,391.43,356.05,270177.64,27017764.00
q394000_d100,1511.11,948.54,5421.70,1246.07, NOT EQUIVALENT, 0,4.00,21.43,1581.20,356.96,270870.55,27087055.00
q395000_d100,1492.76,939.11,5424.68,1246.18, NOT EQUIVALENT, 0,4.00,21.53,1587.66,357.86,271554.97,27155497.00
q396000_d100,1499.45,953.72,5518.93,1256.50, NOT EQUIVALENT, 0,4.00,21.63,1568.01,358.76,272229.92,27222992.00
q397000_d100,1499.76,942.89,5548.46,1262.06, NOT EQUIVALENT, 0,4.00,21.75,1567.96,359.66,272918.69,27291869.00
q398000_d100,1503.78,974.50,5593.97,1273.93, NOT EQUIVALENT, 0,4.00,21.86,1563.21,360.58,273619.37,27361937.00
q399000_d100,1498.42,956.95,5609.28,1275.33, NOT EQUIVALENT, 0,4.00,21.96,1566.34,361.47,274291.35,27429135.00
q400000_d100,1498.67,953.91,5644.49,1279.68, NOT EQUIVALENT, 0,4.00,22.08,1564.54,362.39,274995.31,27499531.00
q40000_d100,146.08,97.46,197.69,14.86, NOT EQUIVALENT, 0,1.00,0.74,376.89,36.24,27502.34,2750234.00
q4000_d100,14.23,10.08,3.31,0.22, NOT EQUIVALENT, 0,1.00,0.01,228.53,3.62,2751.64,275164.00
q401000_d100,1494.08,939.32,45566.31,9762.27, EQUIVALENT,0.00,4.00,22.19,389.65,363.33,275720.54,27572054.00
q402000_d100,1523.21,969.27,45746.99,9814.44, EQUIVALENT,0.00,4.00,22.30,389.94,364.22,276388.32,27638832.00
q403000_d100,1533.86,952.52,46034.73,9901.33, EQUIVALENT,0.00,4.00,22.41,389.48,365.12,277068.85,27706885.00
q404000_d100,1522.37,955.39,5760.09,1321.78, NOT EQUIVALENT, 0,4.00,22.53,1564.48,366.02,277748.71,27774871.00
q405000_d100,1517.02,942.21,5772.56,1321.55, NOT EQUIVALENT, 0,4.00,22.63,1568.41,366.92,278433.54,27843354.00
q406000_d100,1544.75,964.43,46150.69,9934.03, EQUIVALENT,0.00,4.00,22.74,394.12,367.84,279130.48,27913048.00
q407000_d100,1521.14,956.79,3941.08,898.46, NOT EQUIVALENT, 0,5.00,15.43,1957.62,368.73,279803.53,27980353.00
q408000_d100,1532.70,964.03,3990.00,907.34, NOT EQUIVALENT, 0,5.00,15.50,1942.76,369.63,280476.90,28047690.00
q409000_d100,1543.11,964.72,40364.90,9217.87, EQUIVALENT,0.00,5.00,15.59,386.25,370.53,281162.35,28116235.00
q410000_d100,1537.18,962.89,4077.55,928.20, NOT EQUIVALENT, 0,5.00,15.67,1921.07,371.45,281863.33,28186333.00
q41000_d100,150.14,100.20,207.50,16.13, NOT EQUIVALENT, 0,1.00,0.78,377.70,37.13,28172.78,2817278.00
q411000_d100,1544.63,967.01,4081.51,926.68, NOT EQUIVALENT, 0,5.00,15.74,1928.20,372.35,282546.06,28254606.00
q412000_d100,1535.20,969.04,41136.21,9367.72, EQUIVALENT,0.00,5.00,15.82,384.48,373.24,283212.28,28321228.00
q413000_d100,1576.43,980.13,4117.19,936.83, NOT EQUIVALENT, 0,5.00,15.89,1929.99,374.16,283917.78,28391778.00
q414000_d100,1569.20,999.11,4139.63,938.81, NOT EQUIVALENT, 0,5.00,15.97,1928.46,375.07,284607.03,28460703.00
q415000_d100,1585.12,993.71,4165.60,944.66, NOT EQUIVALENT, 0,5.00,16.04,1925.63,375.99,285313.75,28531375.00
q416000_d100,1586.38,1006.10,4207.62,950.38, NOT EQUIVALENT, 0,5.00,16.12,1915.23,376.89,285997.43,28599743.00
q417000_d100,1597.69,1011.03,4178.86,945.90, NOT EQUIVALENT, 0,5.00,16.21,1939.10,377.79,286674.33,28667433.00
q418000_d100,1578.14,1007.80,4227.25,959.03, NOT EQUIVALENT, 0,5.00,16.28,1926.04,378.68,287342.03,28734203.00
q419000_d100,1564.07,996.44,4228.54,957.76, NOT EQUIVALENT, 0,5.00,16.36,1934.30,379.61,288055.88,28805588.00
q420000_d100,1586.61,1013.74,4253.20,962.47, NOT EQUIVALENT, 0,5.00,16.44,1932.20,380.51,288747.51,28874751.00
q42000_d100,152.19,100.85,218.72,16.46, NOT EQUIVALENT, 0,1.00,0.82,376.43,38.05,28871.51,2887151.00
q421000_d100,1562.20,1007.87,12986.14,2931.10, NOT EQUIVALENT, 0,5.00,16.51,635.82,381.41,289426.00,28942600.00
q422000_d100,1575.24,1015.92,4299.05,976.34, NOT EQUIVALENT, 0,5.00,16.59,1929.40,382.31,290099.75,29009975.00
q423000_d100,1560.40,986.91,43321.97,9893.40, EQUIVALENT,0.00,5.00,16.67,384.73,383.22,290798.12,29079812.00
q424000_d100,1609.34,1040.09,4315.00,982.78, NOT EQUIVALENT, 0,5.00,16.74,1940.09,384.14,291499.78,29149978.00
q425000_d100,1570.59,991.92,4343.58,989.83, NOT EQUIVALENT, 0,5.00,16.83,1937.81,385.04,292182.58,29218258.00
q426000_d100,1613.39,1020.80,4339.75,988.97, NOT EQUIVALENT, 0,5.00,16.91,1948.58,385.94,292852.93,29285293.00
q427000_d100,1606.56,1004.59,4352.65,995.06, NOT EQUIVALENT, 0,5.00,16.99,1951.57,386.82,293517.31,29351731.00
q428000_d100,1587.03,1025.73,4358.35,995.23, NOT EQUIVALENT, 0,5.00,17.07,1958.08,387.73,294203.94,29420394.00
q429000_d100,1610.94,1030.09,22022.08,5045.55, NOT EQUIVALENT, 0,5.00,17.15,389.32,388.67,294932.52,29493252.00
q430000_d100,1606.67,1027.24,49059.53,10877.65, EQUIVALENT,0.00,5.00,17.22,351.08,389.59,295645.30,29564530.00
q43000_d100,156.09,103.28,481.15,53.40, EQUIVALENT,0.00,1.00,0.86,358.03,38.96,29564.23,2956423.00
q431000_d100,1613.98,1033.65,13395.32,3074.80, NOT EQUIVALENT, 0,5.00,17.30,645.88,390.50,296331.12,29633112.00
q432000_d100,1644.37,1064.30,4413.61,1012.93, NOT EQUIVALENT, 0,5.00,17.38,1968.99,391.38,296996.02,29699602.00
q433000_d100,1599.59,1018.96,4469.27,1026.15, NOT EQUIVALENT, 0,5.00,17.47,1954.85,392.27,297659.11,29765911.00
q434000_d100,1631.78,1055.41,4471.66,1025.28, NOT EQUIVALENT, 0,5.00,17.55,1962.77,393.20,298379.34,29837934.00
q435000_d100,1617.41,1034.72,46004.56,10539.21, EQUIVALENT,0.00,5.00,17.63,383.25,394.10,299059.85,29905985.00
q436000_d100,1653.38,1070.01,45779.24,10525.54, EQUIVALENT,0.00,5.00,17.71,386.90,395.01,299754.46,29975446.00
q437000_d100,1616.67,1038.50,4551.89,1043.18, NOT EQUIVALENT, 0,5.00,17.79,1954.41,395.91,300427.10,30042710.00
q438000_d100,1627.11,1061.03,4559.57,1044.87, NOT EQUIVALENT, 0,5.00,17.87,1959.70,396.80,301091.51,30109151.00
q439000_d100,1659.16,1062.12,46512.73,10657.70, EQUIVALENT,0.00,5.00,17.95,385.95,397.72,301796.00,30179600.00
q440000_d100,1673.25,1074.87,46446.36,10693.88, EQUIVALENT,0.00,5.00,18.03,388.20,398.62,302478.27,30247827.00
q44000_d100,158.18,105.09,239.12,18.81, NOT EQUIVALENT, 0,1.00,0.90,377.57,39.86,30250.21,3025021.00
q441000_d100,1632.78,1081.88,46720.73,10763.87, EQUIVALENT,0.00,5.00,18.12,387.94,399.52,303157.44,30315744.00
q442000_d100,1639.63,1070.79,14044.24,3236.55, NOT EQUIVALENT, 0,5.00,18.21,648.19,400.43,303848.30,30384830.00
q443000_d100,1673.57,1074.78,4654.34,1068.52, NOT EQUIVALENT, 0,5.00,18.29,1964.37,401.33,304530.96,30453096.00
q444000_d100,1645.05,1072.70,4732.19,1081.87, NOT EQUIVALENT, 0,5.00,18.37,1940.71,402.24,305226.42,30522642.00
q445000_d100,1677.19,1084.14,4702.67,1076.05, NOT EQUIVALENT, 0,5.00,18.45,1961.63,403.16,305924.39,30592439.00
q446000_d100,1661.01,1067.68,4711.18,1079.11, NOT EQUIVALENT, 0,5.00,18.53,1966.55,404.08,306631.50,30663150.00
q447000_d100,1672.27,1075.01,4712.90,1079.30, NOT EQUIVALENT, 0,5.00,18.61,1974.58,404.97,307304.49,30730449.00
q448000_d100,1668.26,1071.83,4705.57,1075.73, NOT EQUIVALENT, 0,5.00,18.69,1986.16,405.88,307988.72,30798872.00
q449000_d100,1674.39,1082.25,4784.63,1091.48, NOT EQUIVALENT, 0,5.00,18.79,1963.40,406.78,308675.85,30867585.00
q450000_d100,1690.04,1103.90,4764.01,1091.50, NOT EQUIVALENT, 0,5.00,18.87,1980.62,407.70,309376.87,30937687.00
q45000_d100,164.07,111.23,264.91,20.87, NOT EQUIVALENT, 0,1.00,0.94,356.85,40.77,30935.43,3093543.00
q451000_d100,1611.54,1054.00,4828.19,1100.15, NOT EQUIVALENT, 0,5.00,18.95,1962.63,408.61,310069.72,31006972.00
q452000_d100,1685.58,1094.85,4869.91,1109.55, NOT EQUIVALENT, 0,5.00,19.04,1954.39,409.52,310768.44,31076844.00
q453000_d100,1648.86,1062.68,4854.00,1104.94, NOT EQUIVALENT, 0,5.00,19.12,1969.41,410.41,311433.76,31143376.00
q454000_d100,1700.62,1105.70,4867.95,1110.22, NOT EQUIVALENT, 0,5.00,19.20,1972.10,411.31,312107.31,31210731.00
q455000_d100,1664.76,1073.92,4889.91,1114.65, NOT EQUIVALENT, 0,5.00,19.28,1971.83,412.22,312803.95,31280395.00
q456000_d100,1694.74,1109.97,4997.51,1131.70, NOT EQUIVALENT, 0,5.00,19.37,1937.52,413.13,313504.52,31350452.00
q457000_d100,1679.81,1086.41,5035.57,1140.89, NOT EQUIVALENT, 0,5.00,19.46,1932.61,414.05,314207.40,31420740.00
q458000_d100,1691.20,1112.87,10080.07,2285.90, NOT EQUIVALENT, 0,5.00,19.55,969.64,414.96,314892.68,31489268.00
q459000_d100,1686.14,1098.05,5033.39,1143.41, NOT EQUIVALENT, 0,5.00,19.63,1949.99,415.85,315558.82,31555882.00
q460000_d100,1696.18,1142.63,5066.19,1150.42, NOT EQUIVALENT, 0,5.00,19.71,1945.75,416.74,316234.88,31623488.00
q46000_d100,167.62,112.03,525.59,60.82, EQUIVALENT,0.00,1.00,0.99,375.21,41.67,31617.91,3161791.00
q461000_d100,1686.66,1115.88,10218.87,2322.06, NOT EQUIVALENT, 0,5.00,19.80,968.80,417.63,316897.37,31689737.00
q462000_d100,1731.28,1122.63,51935.09,11836.24, EQUIVALENT,0.00,5.00,19.88,382.84,418.55,317599.70,31759970.00
q463000_d100,1711.38,1105.36,5155.00,1175.05, NOT EQUIVALENT, 0,5.00,19.97,1936.77,419.47,318304.75,31830475.00
q464000_d100,1721.02,1129.13,25889.56,5915.22, NOT EQUIVALENT, 0,5.00,20.05,387.24,420.38,318996.13,31899613.00
q465000_d100,1747.76,1122.86,5180.28,1182.98, NOT EQUIVALENT, 0,5.00,20.15,1944.95,421.27,319662.37,31966237.00
q466000_d100,1716.63,1134.79,5124.40,1173.05, NOT EQUIVALENT, 0,5.00,20.24,1974.55,422.18,320359.11,32035911.00
q467000_d100,1735.96,1108.84,5215.18,1187.98, NOT EQUIVALENT, 0,5.00,20.32,1948.18,423.08,321044.16,32104416.00
q468000_d100,1752.58,1128.65,5169.82,1179.74, NOT EQUIVALENT, 0,5.00,20.41,1973.63,424.00,321739.04,32173904.00
q469000_d100,1751.53,1122.43,5212.65,1188.89, NOT EQUIVALENT, 0,5.00,20.49,1965.72,424.91,322439.35,32243935.00
q470000_d100,1722.52,1119.76,5213.05,1189.17, NOT EQUIVALENT, 0,5.00,20.58,1973.62,425.82,323128.08,32312808.00
q47000_d100,172.81,115.11,274.04,22.22, NOT EQUIVALENT, 0,1.00,1.03,376.00,42.59,32321.45,3232145.00
q471000_d100,1746.54,1129.80,5864.67,1282.18, NOT EQUIVALENT, 0,5.00,20.66,1761.74,426.72,323804.90,32380490.00
q472000_d100,1756.66,1136.12,53072.82,12149.41, EQUIVALENT,0.00,5.00,20.75,390.94,427.63,324506.17,32450617.00
q473000_d100,1742.28,1117.28,5305.59,1214.11, NOT EQUIVALENT, 0,5.00,20.85,1964.89,428.54,325189.25,32518925.00
q474000_d100,1763.04,1147.25,5320.24,1218.37, NOT EQUIVALENT, 0,5.00,20.94,1967.71,429.46,325896.63,32589663.00
q475000_d100,1777.53,1140.38,5302.39,1212.63, NOT EQUIVALENT, 0,5.00,21.02,1982.33,430.36,326579.58,32657958.00
q476000_d100,1780.05,1175.59,5434.29,1238.25, NOT EQUIVALENT, 0,5.00,21.11,1942.30,431.25,327252.26,32725226.00
q477000_d100,1763.36,1135.66,54081.69,12440.88, EQUIVALENT,0.00,5.00,21.20,391.97,432.16,327936.79,32793679.00
q478000_d100,1791.02,1172.06,16308.37,3742.14, NOT EQUIVALENT, 0,5.00,21.28,652.53,433.06,328619.46,32861946.00
q479000_d100,1778.68,1153.01,5405.45,1237.00, NOT EQUIVALENT, 0,5.00,21.37,1976.89,433.95,329289.36,32928936.00
q480000_d100,1782.86,1163.27,5492.33,1254.83, NOT EQUIVALENT, 0,5.00,21.46,1953.42,434.87,329991.91,32999191.00
q48000_d100,175.52,117.65,571.42,66.47, NOT EQUIVALENT, +,1.00,1.07,375.52,43.49,33002.97,3300297.00
q481000_d100,1740.01,1140.83,24594.69,5456.91, NOT EQUIVALENT, 0,5.00,21.56,438.32,435.77,330674.32,33067432.00
q482000_d100,1759.45,1151.89,10987.61,2514.76, NOT EQUIVALENT, 0,5.00,21.65,985.19,436.67,331354.91,33135491.00
q483000_d100,1790.12,1155.35,5530.85,1266.17, NOT EQUIVALENT, 0,5.00,21.74,1964.99,437.59,332059.50,33205950.00
q484000_d100,1794.27,1174.29,5517.13,1259.68, NOT EQUIVALENT, 0,5.00,21.82,1977.97,438.49,332734.49,33273449.00
q485000_d100,1813.60,1169.63,5600.44,1276.32, NOT EQUIVALENT, 0,5.00,21.91,1956.54,439.40,333431.66,33343166.00
q486000_d100,1831.42,1189.85,5530.99,1262.65, NOT EQUIVALENT, 0,5.00,22.00,1988.96,440.32,334138.89,33413889.00
q487000_d100,1815.08,1175.72,5588.54,1273.81, NOT EQUIVALENT, 0,5.00,22.09,1976.52,441.23,334830.11,33483011.00
q488000_d100,1806.77,1183.97,5610.86,1280.13, NOT EQUIVALENT, 0,5.00,22.18,1976.43,442.13,335512.16,33551216.00
q489000_d100,1800.05,1165.50,5627.81,1281.72, NOT EQUIVALENT, 0,5.00,22.28,1979.79,443.04,336198.39,33619839.00
q490000_d100,1791.45,1173.46,11414.20,2597.54, NOT EQUIVALENT, 0,5.00,22.37,980.10,443.93,336868.53,33686853.00
q49000_d100,177.55,120.46,296.99,22.61, NOT EQUIVALENT, 0,1.00,1.12,376.83,44.40,33692.32,3369232.00
q491000_d100,1794.84,1172.56,5645.53,1287.83, NOT EQUIVALENT, 0,5.00,22.46,1989.36,444.84,337555.89,33755589.00
q492000_d100,1837.60,1188.39,5808.80,1312.71, NOT EQUIVALENT, 0,5.00,22.55,1941.26,445.74,338235.07,33823507.00
q493000_d100,1832.46,1174.71,58668.95,13395.65, EQUIVALENT,0.00,5.00,22.64,385.96,446.66,338950.53,33895053.00
q494000_d100,1824.77,1183.95,5800.16,1319.31, NOT EQUIVALENT, 0,5.00,22.73,1959.61,447.55,339616.42,33961642.00
q495000_d100,1820.94,1177.09,4914.89,1091.92, NOT EQUIVALENT, 0,6.00,19.03,2323.37,448.47,340313.42,34031342.00
q496000_d100,1829.40,1188.47,4981.31,1101.78, NOT EQUIVALENT, 0,6.00,19.10,2300.39,449.36,340979.44,34097944.00
q497000_d100,1838.98,1182.74,4961.64,1110.85, NOT EQUIVALENT, 0,6.00,19.18,2319.65,450.28,341686.37,34168637.00
q498000_d100,1857.24,1214.42,4960.83,1122.33, NOT EQUIVALENT, 0,6.00,19.25,2328.41,451.20,342397.10,34239710.00
q499000_d100,1832.20,1183.14,35314.54,8038.15, NOT EQUIVALENT, +,6.00,19.33,656.94,452.09,343061.38,34306138.00
q500000_d100,1838.46,1199.08,30239.63,6899.52, NOT EQUIVALENT, 0,6.00,19.42,385.27,453.00,343752.12,34375212.00
q50000_d100,181.49,122.05,309.95,23.80, NOT EQUIVALENT, 0,1.00,1.17,376.32,45.30,34371.82,3437182.00
q5000_d100,17.38,12.36,3.68,0.28, NOT EQUIVALENT, 0,1.00,0.01,323.44,4.53,3436.79,343679.00
q51000_d100,182.07,122.99,321.71,27.66, NOT EQUIVALENT, 0,1.00,1.21,376.61,46.21,35067.24,3506724.00
q52000_d100,181.24,122.87,334.23,29.52, NOT EQUIVALENT, 0,1.00,1.26,377.20,47.12,35761.93,3576193.00
q53000_d100,189.48,128.12,345.65,31.17, NOT EQUIVALENT, 0,1.00,1.31,379.23,48.03,36448.53,3644853.00
q54000_d100,192.37,130.09,359.15,32.30, NOT EQUIVALENT, 0,1.00,1.36,378.31,48.93,37132.16,3713216.00
q55000_d100,192.96,131.58,371.34,37.23, NOT EQUIVALENT, 0,1.00,1.41,379.89,49.83,37815.29,3781529.00
q56000_d100,198.61,135.32,386.28,35.00, NOT EQUIVALENT, 0,1.00,1.46,378.05,50.74,38501.19,3850119.00
q57000_d100,202.02,137.45,398.73,39.20, NOT EQUIVALENT, 0,1.00,1.51,379.76,51.64,39182.45,3918245.00
q58000_d100,206.07,139.93,818.35,135.94, NOT EQUIVALENT, +,1.00,1.57,383.48,52.55,39880.77,3988077.00
q59000_d100,211.14,145.14,421.48,43.62, NOT EQUIVALENT, 0,1.00,1.62,384.70,53.46,40568.63,4056863.00
q60000_d100,213.53,146.94,435.37,47.00, NOT EQUIVALENT, 0,1.00,1.68,385.46,54.36,41250.19,4125019.00
q6000_d100,20.43,14.51,4.06,0.33, NOT EQUIVALENT, 0,1.00,0.02,414.79,5.44,4126.39,412639.00
q61000_d100,220.54,151.78,450.09,49.14, NOT EQUIVALENT, 0,1.00,1.74,385.69,55.27,41947.35,4194735.00
q62000_d100,218.45,147.48,462.30,49.55, NOT EQUIVALENT, 0,1.00,1.79,387.40,56.17,42628.78,4262878.00
q63000_d100,223.84,152.00,475.79,51.62, NOT EQUIVALENT, 0,1.00,1.85,388.95,57.08,43319.82,4331982.00
q64000_d100,226.19,155.56,973.04,181.38, EQUIVALENT,0.00,1.00,1.91,392.04,57.99,44008.24,4400824.00
q65000_d100,230.21,158.48,499.11,60.11, NOT EQUIVALENT, 0,1.00,1.97,394.48,58.89,44690.41,4469041.00
q66000_d100,231.84,159.48,511.61,55.32, NOT EQUIVALENT, 0,1.00,2.03,397.06,59.80,45374.63,4537463.00
q67000_d100,238.93,166.22,532.05,65.91, NOT EQUIVALENT, 0,1.00,2.09,392.98,60.71,46071.76,4607176.00
q68000_d100,240.09,166.57,543.18,62.68, NOT EQUIVALENT, 0,1.00,2.15,396.79,61.60,46742.02,4674202.00
q69000_d100,244.31,166.68,555.80,71.47, NOT EQUIVALENT, 0,1.00,2.22,399.54,62.52,47448.04,4744804.00
q70000_d100,250.03,172.60,578.12,75.01, NOT EQUIVALENT, 0,1.00,2.28,394.86,63.42,48129.27,4812927.00
q7000_d100,23.92,18.16,4.63,0.37, NOT EQUIVALENT, 0,1.00,0.02,498.96,6.34,4815.37,481537.00
q71000_d100,249.40,171.84,1182.10,259.42, EQUIVALENT,0.00,1.00,2.35,397.61,64.34,48826.41,4882641.00
q72000_d100,250.76,174.07,1215.37,270.31, EQUIVALENT,0.00,1.00,2.41,397.25,65.23,49492.92,4949292.00
q73000_d100,258.20,178.51,621.94,83.34, NOT EQUIVALENT, 0,1.00,2.48,399.26,66.14,50193.04,5019304.00
q74000_d100,262.75,180.98,643.02,87.16, NOT EQUIVALENT, 0,1.00,2.55,397.08,67.06,50892.31,5089231.00
q75000_d100,261.83,180.46,666.40,92.73, NOT EQUIVALENT, 0,1.00,2.62,393.15,67.95,51563.77,5156377.00
q76000_d100,268.66,185.07,1368.49,309.04, EQUIVALENT,0.00,1.00,2.69,393.42,68.85,52240.21,5224021.00
q77000_d100,273.69,188.50,702.13,95.56, NOT EQUIVALENT, 0,1.00,2.77,393.79,69.76,52940.15,5294015.00
q78000_d100,277.80,192.89,719.27,107.70, NOT EQUIVALENT, 0,1.00,2.83,394.05,70.67,53630.23,5363023.00
q79000_d100,278.87,192.11,1482.93,339.75, EQUIVALENT,0.00,1.00,2.91,392.35,71.58,54317.78,5431778.00
q80000_d100,279.89,192.80,759.99,113.45, NOT EQUIVALENT, 0,1.00,2.98,392.15,72.48,54996.29,5499629.00
q8000_d100,26.79,20.65,5.15,0.40, NOT EQUIVALENT, 0,1.00,0.03,578.84,7.25,5505.71,550571.00
q81000_d100,285.62,194.78,783.98,118.25, NOT EQUIVALENT, 0,1.00,3.06,389.94,73.39,55693.18,5569318.00
q82000_d100,279.53,193.39,1614.59,370.99, EQUIVALENT,0.00,1.00,3.13,388.31,74.29,56376.56,5637656.00
q83000_d100,291.92,202.30,825.09,132.71, NOT EQUIVALENT, 0,1.00,3.21,388.87,75.20,57062.13,5706213.00
q84000_d100,292.96,202.62,847.98,138.61, NOT EQUIVALENT, 0,1.00,3.29,387.77,76.10,57742.18,5774218.00
q85000_d100,299.35,208.12,864.14,137.44, NOT EQUIVALENT, 0,1.00,3.37,389.85,77.01,58435.68,5843568.00
q86000_d100,298.87,207.40,974.11,166.56, NOT EQUIVALENT, 0,1.00,3.44,353.69,77.92,59129.46,5912946.00
q87000_d100,302.94,209.52,917.87,157.79, NOT EQUIVALENT, 0,1.00,3.53,384.35,78.82,59806.95,5980695.00
q88000_d100,310.28,216.75,925.10,162.63, NOT EQUIVALENT, 0,1.00,3.61,389.81,79.73,60504.53,6050453.00
q89000_d100,301.47,210.79,944.81,168.54, NOT EQUIVALENT, 0,1.00,3.69,390.61,80.64,61197.34,6119734.00
q90000_d100,318.47,220.32,968.49,180.21, NOT EQUIVALENT, 0,1.00,3.78,389.87,81.54,61880.85,6188085.00
q9000_d100,29.90,23.97,5.51,0.42, NOT EQUIVALENT, 0,1.00,0.04,688.51,8.16,6190.62,619062.00
q91000_d100,316.06,219.49,996.11,181.80, NOT EQUIVALENT, 0,1.00,3.86,387.19,82.44,62562.67,6256267.00
q92000_d100,319.64,221.72,1012.26,189.20, NOT EQUIVALENT, 0,1.00,3.94,389.64,83.36,63256.43,6325643.00
q93000_d100,320.26,223.61,2070.26,478.38, EQUIVALENT,0.00,1.00,4.03,389.55,84.26,63944.01,6394401.00
q94000_d100,325.37,226.11,1051.94,204.28, NOT EQUIVALENT, 0,1.00,4.12,391.28,85.17,64633.95,6463395.00
q95000_d100,321.05,224.54,1080.62,212.87, NOT EQUIVALENT, 0,1.00,4.21,389.23,86.07,65315.70,6531570.00
q96000_d100,334.24,232.96,1104.19,226.84, NOT EQUIVALENT, 0,1.00,4.29,388.66,86.98,66006.30,6600630.00
q97000_d100,334.06,232.47,1124.67,227.10, NOT EQUIVALENT, 0,1.00,4.38,389.77,87.89,66695.02,6669502.00
q98000_d100,338.96,236.54,2297.86,528.37, EQUIVALENT,0.00,1.00,4.48,389.63,88.78,67371.18,6737118.00
q99000_d100,333.60,234.75,1166.05,245.15, NOT EQUIVALENT, 0,1.00,4.57,391.47,89.69,68057.19,6805719.00
