Circuit,Initial time,Schedule time,Transfer time,Simulation time,Tableau partitions,Tableau memory,Tableau step speed,Circuit memory,Average of parallel gates,Clifford gates
q1000_d100,1.73,1.22,0,1.76,1,0.24,13543.97,0.91,687.52,68752
q2000_d100,3.89,2.42,0,2.18,1,0.95,43732.66,1.81,1377.5,137750
q3000_d100,5.64,3.56,0,2.74,1,2.15,78387.94,2.72,2063.03,206303
q4000_d100,7.62,5.01,0,3.02,1,3.81,126372.91,3.62,2751.64,275164
q5000_d100,8.88,5.89,0,3.64,1,5.96,163711.54,4.53,3436.79,343679
q6000_d100,10.61,7.12,0,4.51,1,8.58,190447.53,5.44,4126.39,412639
q7000_d100,12.13,8.37,0,5.24,1,11.68,223022.62,6.34,4815.37,481537
q8000_d100,14.4,9.79,0,5.56,1,15.26,274439.84,7.25,5505.71,550571
q9000_d100,16.18,11.41,0,7.62,1,19.31,253290.66,8.16,6190.62,619062
q10000_d100,17.26,11.59,0,8.79,1,23.84,271217.5,9.06,6880.26,688026
q11000_d100,20.23,14.03,0,9.92,1,28.85,290707.21,9.97,7570.38,757038
q12000_d100,22.34,14.81,0,10.27,1,34.33,334180.76,10.87,8247.62,824762
q13000_d100,24.53,16,0,11.54,1,40.29,349307.43,11.78,8943.89,894389
q14000_d100,26.63,16.56,0,12.44,1,46.73,375525.68,12.69,9626.1,962610
q15000_d100,29.16,18.08,0,14.5,1,53.65,370049.64,13.59,10312.04,1031204
q16000_d100,31.64,19.01,0,16.1,1,61.04,379131.41,14.5,11004.7,1100470
q17000_d100,34.23,20.22,0,18.35,1,68.91,375430.91,15.4,11688.1,1168810
q18000_d100,36.17,21.29,0,34.16,1,77.25,226157.04,16.31,12372.47,1237247
q19000_d100,38.65,22.53,0,50.23,1,86.07,171355.9,17.22,13067.16,1306716
q20000_d100,39.98,23.72,0,60.64,1,95.37,157281.66,18.12,13756.51,1375651
q21000_d100,41.72,24.7,0,69.37,1,105.14,151568.4,19.03,14437.82,1443782
q22000_d100,44.77,26.24,0,75.54,1,115.4,152757.02,19.94,15131.36,1513136
q23000_d100,46.07,27.64,0,85.6,1,126.13,147335.44,20.84,15811.54,1581154
q24000_d100,47.98,30.12,0,93.48,1,137.33,146914.62,21.74,16497.83,1649783
q25000_d100,50.32,30.28,0,100.58,1,149.01,148156.19,22.65,17184.39,1718439
q26000_d100,50.86,30.95,0,108,1,161.17,149230.29,23.56,17882.7,1788270
q27000_d100,52.56,31.8,0,115.37,1,173.81,150651.11,24.46,18563.7,1856370
q28000_d100,54.62,33.14,0,121.67,1,186.92,153627.81,25.37,19253.1,1925310
q29000_d100,55.49,34.16,0,130.82,1,200.51,153269.66,26.27,19935.12,1993512
q30000_d100,58.49,36.19,0,138.15,1,214.58,155325.31,27.18,20628.79,2062879
q31000_d100,60.01,37,0,149.05,1,229.12,153727.86,28.08,21310.37,2131037
q32000_d100,60.29,36.18,0,149.54,1,244.14,163261.47,28.99,21992.54,2199254
q33000_d100,63.6,37.6,0,168.51,1,259.64,154083.88,29.91,22696.47,2269647
q34000_d100,64.88,39.03,0,177.15,1,275.62,155584.96,30.8,23376.52,2337652
q35000_d100,65.88,39.35,0,188.04,1,292.07,155323.03,31.71,24064.4,2406440
q36000_d100,67.41,42.95,0,196.05,1,309,157612.77,32.61,24747.71,2474771
q37000_d100,69.56,43.91,0,207.4,1,326.4,157378.91,33.52,25434.44,2543444
q38000_d100,71.66,45.15,0,216.54,1,344.28,158994.68,34.43,26128.36,2612836
q39000_d100,72.11,46.36,0,231.1,1,362.64,156918.26,35.33,26807.63,2680763
q40000_d100,76.03,48.28,0,244.14,1,381.47,156254.71,36.24,27502.34,2750234
q41000_d100,77.68,49.18,0,254.11,1,400.79,157722.92,37.13,28172.78,2817278
q42000_d100,79.05,49.55,0,264.96,1,420.57,158729.44,38.05,28871.51,2887151
q43000_d100,79.53,50.76,0,277.78,1,440.84,158703.27,38.96,29564.23,2956423
q44000_d100,81.19,52.34,0,286.98,1,461.58,160844.12,39.86,30250.21,3025021
q45000_d100,84.09,54.05,0,300.92,1,482.8,160443.86,40.77,30935.43,3093543
q46000_d100,84.98,54.92,0,312.59,1,504.5,161394.86,41.67,31617.91,3161791
q47000_d100,87.3,55.89,0,330.35,1,526.67,159429.53,42.59,32321.45,3232145
q48000_d100,88.7,57.06,0,354.17,1,549.32,155116.55,43.49,33002.97,3300297
q49000_d100,90.97,58.43,0,357.49,1,572.45,160129.91,44.4,33692.32,3369232
q50000_d100,92.24,59.63,0,369.85,1,596.05,161160.4,45.3,34371.82,3437182
q51000_d100,96.32,62.07,0,385.25,1,620.13,160967.58,46.21,35067.24,3506724
q52000_d100,97.23,62.95,0,396.29,1,644.69,162682.83,47.12,35761.93,3576193
q53000_d100,98.5,63.66,0,413.62,1,669.72,161918.78,48.03,36448.53,3644853
q54000_d100,99.88,64.82,0,427.99,1,695.24,162441.58,48.93,37132.16,3713216
q55000_d100,103.59,67.7,0,448.43,1,721.22,160834.44,49.83,37815.29,3781529
q56000_d100,102.65,67.01,0,465.31,1,747.69,160684.82,50.74,38501.19,3850119
q57000_d100,104.2,67.73,0,479.6,1,774.63,161516.15,51.64,39182.45,3918245
q58000_d100,106.03,68.86,0,496.99,1,802.05,161380.97,52.55,39880.77,3988077
q59000_d100,106.54,69.37,0,515.76,1,829.94,160915.49,53.46,40568.63,4056863
q60000_d100,111.31,73.43,0,528.61,1,858.31,162372.06,54.36,41250.19,4125019
q61000_d100,110.89,72.41,0,552.71,1,887.16,160511.63,55.27,41947.35,4194735
q62000_d100,112.83,72.56,0,572.57,1,916.49,160065.8,56.17,42628.78,4262878
q63000_d100,114.37,75.32,0,594.64,1,946.29,159136.91,57.08,43319.82,4331982
q64000_d100,116.29,74,0,569.03,1,976.57,171619.51,57.99,44008.24,4400824
q65000_d100,118.52,75.16,0,626.38,1,1007.33,160818.04,58.89,44690.41,4469041
q66000_d100,121.39,77.07,0,641.61,1,1038.56,161868.91,59.8,45374.63,4537463
q67000_d100,122.6,77.69,0,666.08,1,1070.27,160681.45,60.71,46071.76,4607176
q68000_d100,123.62,78.42,0,675.26,1,1102.46,163263.03,61.6,46742.02,4674202
q69000_d100,125.18,79.38,0,702.87,1,1135.12,161496.74,62.52,47448.04,4744804
q70000_d100,126.53,80.59,0,726.71,1,1168.26,160760.5,63.42,48129.27,4812927
q71000_d100,131.62,85.31,0,746.89,1,1201.88,160918.55,64.34,48826.41,4882641
q72000_d100,131.89,85.88,0,768.5,1,1235.97,160828.77,65.23,49492.92,4949292
q73000_d100,132.33,85.47,0,783.77,1,1270.54,162106.56,66.14,50193.04,5019304
q74000_d100,134.75,87.33,0,801.7,1,1305.59,162853.31,67.06,50892.31,5089231
q75000_d100,137.44,88.53,0,829.57,1,1341.11,161664.2,67.95,51563.77,5156377
q76000_d100,138.02,87.25,0,842.29,1,1377.12,163495.99,68.85,52240.21,5224021
q77000_d100,141.43,89.93,0,876.31,1,1413.59,161311.54,69.76,52940.15,5294015
q78000_d100,143.18,91.74,0,898.6,1,1450.55,161423.33,70.67,53630.23,5363023
q79000_d100,146.23,93.49,0,923.31,1,1487.98,161157.26,71.58,54317.78,5431778
q80000_d100,146.01,95.4,0,955.15,1,1525.89,159754.56,72.48,54996.29,5499629
q81000_d100,148.66,95.2,0,965.06,1,1564.27,162090.85,73.39,55693.18,5569318
q82000_d100,150.51,97.98,0,982.49,1,1603.14,163170.55,74.29,56376.56,5637656
q83000_d100,153.13,98.13,0,1012.26,1,1642.47,162257.67,75.2,57062.13,5706213
q84000_d100,151.94,98.85,0,1027.65,1,1682.29,163702.3,76.1,57742.18,5774218
q85000_d100,159.47,99.93,0,1075.98,1,1722.58,160094.5,77.01,58435.68,5843568
q86000_d100,157.44,100.44,0,1088.73,1,1763.35,161963.97,77.92,59129.46,5912946
q87000_d100,159.65,102.06,0,1113.57,1,1804.6,162055.73,78.82,59806.95,5980695
q88000_d100,159.92,103.91,0,1137.3,1,1846.32,162342.55,79.73,60504.53,6050453
q89000_d100,163.55,105.63,0,1159.25,1,1888.52,162909.76,80.64,61197.34,6119734
q90000_d100,164.95,105.81,0,1180.42,1,1931.2,163602.73,81.54,61880.85,6188085
q91000_d100,164.65,107.93,0,1216.51,1,1974.36,162296.3,82.44,62562.67,6256267
q92000_d100,167.14,108.53,0,1228.72,1,2017.99,164234.54,83.36,63256.43,6325643
q93000_d100,168.14,109.8,0,1278.18,1,2062.09,161330.46,84.26,63944.01,6394401
q94000_d100,171.25,110.7,0,1298.17,1,2106.68,162280.29,85.17,64633.95,6463395
q95000_d100,171.82,111.58,0,1327.64,1,2151.74,162072.48,86.07,65315.7,6531570
q96000_d100,171.78,112.96,0,1244.32,1,2197.28,176584.93,86.98,66006.3,6600630
q97000_d100,181.39,114.17,0,1381.62,1,2243.29,162367.17,87.89,66695.02,6669502
q98000_d100,177.82,115.59,0,1400.34,1,2289.78,163515.77,88.78,67371.18,6737118
q99000_d100,180.57,116.44,0,1438.35,1,2336.75,162460.67,89.69,68057.19,6805719
q100000_d100,182.09,116.03,0,1464.56,1,2384.2,162792.95,90.59,68743.33,6874333
q101000_d100,184.23,119.85,0,1514.59,1,2432.12,160579.14,91.52,69451.5,6945150
q102000_d100,185.22,118.99,0,1523.87,1,2480.52,162777.77,92.41,70128.94,7012894
q103000_d100,188.65,121.43,0,1555.54,1,2529.39,162605.42,93.32,70815.84,7081584
q104000_d100,189.13,121.51,0,1587.95,1,2578.75,162394.72,94.22,71502.26,7150226
q105000_d100,193.41,122.63,0,1614.94,1,2628.58,162766.2,95.13,72191.04,7219104
q106000_d100,195.89,123.19,0,1638.79,1,2678.88,163466.88,96.05,72887.91,7288791
q107000_d100,197.4,125.6,0,1710.97,1,2729.67,159539.42,96.94,73567.47,7356747
q108000_d100,200.37,125.99,0,1730.35,1,2780.93,160714.64,97.85,74259.36,7425936
q109000_d100,201.69,127.69,0,1776.18,1,2832.66,159480.51,98.76,74940.84,7494084
q110000_d100,206,128.7,0,1791.41,1,2884.88,161039.98,99.65,75617.19,7561719
q111000_d100,210.03,131.53,0,1836.85,1,2937.57,159924.54,100.57,76324.75,7632475
q112000_d100,208.61,130.74,0,1879.31,1,2990.74,159140.13,101.46,76985.28,7698528
q113000_d100,212.47,132.16,0,1898.35,1,3044.38,160369.96,102.38,77694.38,7769438
q114000_d100,214.38,133.87,0,1909.11,1,3098.5,162300.75,103.28,78370.59,7837059
q115000_d100,216.15,134.24,0,1956.6,1,3153.1,161152.24,104.2,79075.55,7907555
q116000_d100,216.4,133.32,0,2001.65,1,3208.17,160276.88,105.1,79752.01,7975201
q117000_d100,217.6,133.24,0,2048.52,1,3263.73,159320.97,106.01,80451.76,8045176
q118000_d100,223.29,137.22,0,2063.96,1,3319.75,160844.17,106.91,81125.03,8112503
q119000_d100,224.04,137.22,0,2108.72,1,3376.26,160109.52,107.81,81815.78,8181578
q120000_d100,227.43,138.8,0,2136.1,1,3433.24,160725.1,108.73,82518,8251800
q121000_d100,225.03,137.7,0,2158.11,1,3490.7,161748.13,109.61,83170.95,8317095
q122000_d100,230.98,139.62,0,2181.51,1,3548.64,162668.48,110.54,83882.3,8388230
q123000_d100,235.78,143.53,0,2255.98,1,3607.05,159888.22,111.44,84568.87,8456887
q124000_d100,235.4,141.95,0,2268.72,1,3665.94,161586.3,112.34,85251.54,8525154
q125000_d100,237.77,142.7,0,2328.87,1,3725.3,159962.27,113.25,85942.84,8594284
q126000_d100,241.68,146.34,0,2344.6,1,3785.15,161440.99,114.16,86624.73,8662473
q127000_d100,240.94,145.23,0,2397.02,1,3845.47,160426.99,115.06,87311.3,8731130
q128000_d100,239.35,143.01,0,2163.32,1,3906.26,180568.3,115.96,87993.66,8799366
q129000_d100,244.73,146.84,0,2456.03,1,3967.54,161542.83,116.87,88678.49,8867849
q130000_d100,245.66,148.02,0,2470.87,1,4029.29,163071.76,117.78,89376.24,8937624
q131000_d100,251.88,149.34,0,2547.47,1,4091.52,160610.73,118.69,90070.05,9007005
q132000_d100,251.84,148.55,0,2568.1,1,4154.22,161762.22,119.58,90737.71,9073771
q133000_d100,254.54,149.69,0,2641.3,1,4217.4,159671.3,120.5,91434.89,9143489
q134000_d100,259.29,150.79,0,2647.51,1,4281.06,161701.59,121.4,92117.23,9211723
q135000_d100,261,151.7,0,2694.81,1,4345.19,161242.83,122.31,92814.68,9281468
q136000_d100,266.87,154.59,0,2720.98,1,4409.81,162066.7,123.21,93490.36,9349036
q137000_d100,263.38,154.23,0,2759.94,1,4474.9,162137.5,124.12,94192.73,9419273
q138000_d100,269.52,154.92,0,2783.56,1,4540.46,163117.09,125.03,94880.72,9488072
q139000_d100,273.75,155.94,0,2881.73,1,4606.5,159851.74,125.93,95561.5,9556150
q140000_d100,272.19,157.43,0,2883.75,1,4673.02,162046.53,126.84,96250.71,9625071
q141000_d100,273.89,158.29,0,2954.28,1,4740.02,160445.59,127.75,96949.96,9694996
q142000_d100,279.16,159.36,0,2966.28,1,4807.49,162071.17,128.66,97633.97,9763397
q143000_d100,283.16,161.87,0,3028.74,1,4875.44,160972.55,129.56,98318.45,9831845
q144000_d100,286.29,162.9,0,3072.29,1,4943.86,160918.1,130.45,98982.72,9898272
q145000_d100,285.47,162.89,0,3101.25,1,5012.77,161637.17,131.38,99695.56,9969556
q146000_d100,284.19,163.57,0,3143,1,5082.15,161697.37,132.28,100383.33,10038333
q147000_d100,290.78,165.5,0,3212.3,1,5152.01,160383.62,133.19,101069.67,10106967
q148000_d100,290.82,165.76,0,3213.15,1,5222.34,162530.2,134.09,101750.61,10175061
q149000_d100,293.48,167.33,0,3297.16,1,5293.15,160536.65,134.99,102434.98,10243498
q150000_d100,294.26,167.31,0,3308.07,1,5364.44,162162.1,135.89,103116.94,10311694
q151000_d100,297.06,169.92,0,3358.55,1,5436.2,161861.4,136.81,103812.71,10381271
q152000_d100,303.62,171.16,0,3387.13,1,5508.44,162628.7,137.71,104495.75,10449575
q153000_d100,310.99,175.13,0,3456.22,1,5581.16,161481.79,138.62,105192.58,10519258
q154000_d100,302.14,171.66,0,3505.18,1,5654.35,161314.05,139.52,105871.05,10587105
q155000_d100,311.39,175.14,0,3565.65,1,5728.02,160644.77,140.43,106568.85,10656885
q156000_d100,313.47,175,0,3561.55,1,5802.17,162911.46,141.33,107238.81,10723881
q157000_d100,313.55,176.18,0,3650.46,1,5876.8,160988.04,142.23,107924.94,10792494
q158000_d100,317.23,177.9,0,3663.92,1,5951.9,162446.12,143.14,108619.37,10861937
q159000_d100,318.13,178.91,0,3735.14,1,6027.48,161372.19,144.06,109321.46,10932146
q160000_d100,318.61,178.24,0,3485.24,1,6103.53,175125.01,144.96,109999.01,10999901
q161000_d100,323.7,181.73,0,3927.22,1,6180.07,157364.77,145.87,110692.35,11069235
q162000_d100,322.82,184.53,0,3955.73,1,6257.08,158177.76,146.76,111361.45,11136145
q163000_d100,327.77,183.35,0,4049.89,1,6334.56,156413.27,147.67,112050.23,11205023
q164000_d100,330.61,183.03,0,4030.21,1,6412.53,159111.41,148.57,112735.04,11273504
q165000_d100,332.38,185.3,0,4141.29,1,6490.97,156737.78,149.49,113440.06,11344006
q166000_d100,336.97,187.29,0,4114.52,1,6569.88,159675.51,150.39,114115.26,11411526
q167000_d100,339.95,188.33,0,4149.22,1,6649.28,160253.68,151.31,114824.09,11482409
q168000_d100,338.87,188.54,0,4180.95,1,6729.15,160947.69,152.2,115486.06,11548606
q169000_d100,340.97,188.72,0,4284.48,1,6809.49,158933.96,153.12,116198.94,11619894
q170000_d100,348.43,192.87,0,4346.93,1,6890.32,158509.93,154.02,116879.3,11687930
q171000_d100,356.54,197.1,0,4418.36,1,6971.62,157787.62,154.93,117568.74,11756874
q172000_d100,347.54,192.47,0,4403.14,1,7053.4,160190.2,155.83,118248.69,11824869
q173000_d100,350.98,193.46,0,4523.89,1,7135.65,157732.51,156.72,118918.31,11891831
q174000_d100,355.9,194.76,0,4513.85,1,7218.38,159916.22,157.64,119622.23,11962223
q175000_d100,355.97,195.49,0,4564.39,1,7301.59,159968.6,158.54,120308.39,12030839
q176000_d100,359.16,196.76,0,4607.03,1,7385.27,160304.62,159.45,120994.95,12099495
q177000_d100,367.1,201.4,0,4700.74,1,7469.44,158899.13,160.36,121683.52,12168352
q178000_d100,361.3,199.33,0,4738.58,1,7554.07,159416.52,161.27,122385.15,12238515
q179000_d100,361.9,201.78,0,4833.01,1,7639.19,158062.74,162.18,123066.11,12306611
q180000_d100,362.35,200.22,0,4808.83,1,7724.78,160637.48,163.08,123754.38,12375438
q181000_d100,369.41,202.65,0,4931.37,1,7810.85,158391.11,163.99,124446.77,12444677
q182000_d100,364.76,202.04,0,4902.35,1,7897.4,161094.04,164.89,125123.44,12512344
q183000_d100,365.53,203.04,0,4991.14,1,7984.42,159972.01,165.8,125817.03,12581703
q184000_d100,375.99,205.53,0,5023.81,1,8071.92,160673.44,166.69,126482.72,12648272
q185000_d100,372.2,205.69,0,5132.09,1,8159.9,158997.57,167.6,127175.95,12717595
q186000_d100,386.91,211.62,0,5157.54,1,8248.35,159927.94,168.52,127878.88,12787888
q187000_d100,374.48,208.74,0,5264.95,1,8337.28,158354.58,169.42,128559.48,12855948
q188000_d100,378.65,208.77,0,5237.56,1,8426.69,160889.58,170.33,129249.95,12924995
q189000_d100,387.88,212.97,0,5342.94,1,8516.57,159398.71,171.24,129943.35,12994335
q190000_d100,386.3,212.32,0,5353.21,1,8606.93,160780.88,172.13,130621.4,13062140
q191000_d100,391.8,213.58,0,5456.04,1,8697.77,159415.43,173.04,131306.07,13130607
q192000_d100,387.12,212.89,0,5048.24,1,8789.08,174102.04,173.95,132000.97,13200097
q193000_d100,393.29,215.68,0,5585.87,1,8880.88,158988.23,174.86,132688.3,13268830
q194000_d100,388.06,215.18,0,5599.96,1,8973.15,160235.76,175.77,133389.92,13338992
q195000_d100,392.74,216.42,0,5715.85,1,9065.89,158609.66,176.66,134053.86,13405386
q196000_d100,398.96,219.53,0,5675.65,1,9159.11,161375.69,177.57,134742.21,13474221
q197000_d100,396.28,218.35,0,5817.1,1,9252.81,159062.34,178.48,135439.91,13543991
q198000_d100,402.4,222.36,0,5829.4,1,9346.99,160342.1,179.38,136110.81,13611081
q199000_d100,404.62,222.48,0,5930.99,1,9441.64,159191.51,180.28,136794.38,13679438
q200000_d100,410.74,223.61,0,5934.58,1,9536.77,160698.38,181.2,137497.73,13749773
q201000_d100,417.52,229.98,0,6026.45,1,9632.37,159835.04,182.11,138198.43,13819843
q202000_d100,418.08,230.2,0,6057.69,1,9728.46,160596.78,183.02,138888.95,13888895
q203000_d100,419.78,230.72,0,6177.96,1,9825.01,159033.32,183.92,139571.94,13957194
q204000_d100,421.85,232.08,0,6134.16,1,9922.05,161750.74,184.82,140250.15,14025015
q205000_d100,421.47,232.59,0,6317.3,1,10019.57,158605.1,185.71,140919.29,14091929
q206000_d100,430.44,237.83,0,6358.07,1,10117.56,159129.44,186.63,141616.85,14161685
q207000_d100,428,237.14,0,6466.4,1,10216.02,157986.3,187.54,142309.1,14230910
q208000_d100,432.28,236.54,0,6506.13,1,10314.97,158542.37,188.44,142990.56,14299056
q209000_d100,429.51,234.71,0,6587.7,1,10414.39,158088.42,189.37,143706.63,14370663
q210000_d100,429.88,236.88,0,6591.65,1,10514.28,159509.06,190.26,144376.32,14437632
q211000_d100,421.75,234.84,0,6724.67,1,10614.66,157846.44,191.15,145049.54,14504954
q212000_d100,437.21,239.53,0,6690.58,1,10715.51,160158.25,192.07,145753.38,14575338
q213000_d100,430.67,238.28,0,6885.71,1,10816.84,157091.15,192.98,146439.96,14643996
q214000_d100,439.21,245.29,0,6842.06,1,10918.64,159581.16,193.88,147119.95,14711995
q215000_d100,432.23,239.33,0,6952.31,1,11020.92,158521.77,194.78,147802.5,14780250
q216000_d100,440.02,245.14,0,6952.59,1,11123.68,159993.31,195.69,148497.73,14849773
q217000_d100,433.86,242.01,0,7060.77,1,11226.92,159004.25,196.6,149194.28,14919428
q218000_d100,442.1,245.89,0,7076.86,1,11330.63,160108.18,197.5,149863.66,14986366
q219000_d100,444.74,244.96,0,7228.3,1,11434.82,158195.12,198.41,150566.77,15056677
q220000_d100,443.17,247.19,0,7189.62,1,11539.49,160501.96,199.31,151238.65,15123865
q221000_d100,447.99,247.56,0,7392,1,11644.63,157530.18,200.22,151928.24,15192824
q222000_d100,449.28,248.28,0,7372.71,1,11750.25,159374.87,201.13,152625.45,15262545
q223000_d100,446.04,248.67,0,7491.82,1,11856.34,158257.14,202.03,153311.82,15331182
q224000_d100,448.12,250.74,0,6901.27,1,11962.92,173343.64,202.93,153985.2,15398520
q225000_d100,452.74,251.44,0,7663.09,1,12069.97,157507.79,203.85,154684.8,15468480
q226000_d100,477.44,257.59,0,7770.85,1,12177.49,156707.39,204.76,155377.52,15537752
q227000_d100,459.3,253.57,0,8001.93,1,12285.5,153531.63,205.66,156064.64,15606464
q228000_d100,459.15,255.22,0,7945.18,1,12393.98,155993.75,206.55,156733.81,15673381
q229000_d100,456.84,254.78,0,8151.79,1,12502.94,153376.55,207.48,157446.56,15744656
q230000_d100,462.97,258.16,0,8135.31,1,12612.37,155032.45,208.39,158137.37,15813737
q231000_d100,463.11,259.24,0,8225.97,1,12722.28,154660.02,209.28,158814.59,15881459
q232000_d100,466.02,259.71,0,8171.75,1,12832.67,157037.01,210.18,159484.89,15948489
q233000_d100,464.97,260.13,0,8214.62,1,12943.53,157567.05,211.08,160171.75,16017175
q234000_d100,481.86,266.04,0,8259.01,1,13054.88,158068.37,212,160873.29,16087329
q235000_d100,465.86,262.75,0,8484.76,1,13166.69,155180.48,212.91,161564.31,16156431
q236000_d100,476.58,265.25,0,8461.95,1,13278.99,156925.84,213.8,162237.12,16223712
q237000_d100,476.07,266.63,0,8671.06,1,13391.76,154442,214.73,162948.44,16294844
q238000_d100,487.37,272.28,0,8673.43,1,13505.01,155705.59,215.63,163626.72,16362672
q239000_d100,486.2,272.36,0,8781.36,1,13618.74,155086.8,216.52,164294.57,16429457
q240000_d100,487.52,272.18,0,8770.9,1,13732.94,156573.83,217.43,164995.4,16499540
q241000_d100,478.28,268.07,0,8854.72,1,13847.62,156386.79,218.34,165678.82,16567882
q242000_d100,478.03,268.94,0,8865.83,1,13962.77,157489.79,219.24,166360.68,16636068
q243000_d100,487.2,272.66,0,9099.91,1,14078.41,154709.4,220.16,167062.06,16706206
q244000_d100,489.05,272.7,0,9017.49,1,14194.52,157411,221.06,167754.16,16775416
q245000_d100,485.06,272.77,0,9266.3,1,14311.1,154442.43,221.97,168441.99,16844199
q246000_d100,491.41,275.65,0,9218.4,1,14428.17,156514.89,222.86,169108.23,16910823
q247000_d100,493.41,276.74,0,9298.29,1,14545.71,156434.34,223.78,169812.67,16981267
q248000_d100,496.9,279.22,0,9309.13,1,14663.73,157519.89,224.69,170509.98,17050998
q249000_d100,494.09,277.6,0,9443.4,1,14782.22,156534.88,225.6,171194.5,17119450
q250000_d100,499.57,279.58,0,9493.14,1,14901.19,156967.91,226.49,171867.37,17186737
q251000_d100,496.67,279.45,0,9694.12,1,15020.64,154945.81,227.41,172566.08,17256608
q252000_d100,503.79,282.85,0,9612.57,1,15140.56,157508.04,228.31,173250.23,17325023
q253000_d100,506.06,285.6,0,9817.68,1,15260.97,155443.74,229.21,173933.11,17393311
q254000_d100,502.06,281.86,0,9788.51,1,15381.84,157141.86,230.11,174607.78,17460778
q255000_d100,504.21,283.58,0,9941.74,1,15503.2,155940.47,231.01,175284.5,17528450
q256000_d100,511.28,287.3,0,8500.41,1,15625.03,183814.94,231.94,176001.39,17600139
q257000_d100,519.14,291.57,0,10058.13,1,15747.34,156563.37,232.84,176685.86,17668586
q258000_d100,516.75,288.37,0,10069.88,1,15870.12,157600.01,233.72,177347.03,17734703
q259000_d100,523.5,294.09,0,10248.82,1,15993.39,156051.02,234.65,178060.33,17806033
q260000_d100,509.64,289.9,0,10185.5,1,16117.13,158235.95,235.57,178765.38,17876538
q261000_d100,522.01,295.59,0,10407.21,1,16241.34,156058.52,236.47,179447.22,17944722
q262000_d100,521.72,295.19,0,10384.15,1,16366.04,157605.92,237.38,180139.16,18013916
q263000_d100,525.71,297.91,0,10531.44,1,16491.21,156590.18,238.28,180818.01,18081801
q264000_d100,531.59,299.99,0,10513.84,1,16616.85,158047.43,239.17,181489.66,18148966
q265000_d100,533.09,300.71,0,10674.47,1,16742.98,156850.64,240.09,182190.47,18219047
q266000_d100,521.92,298.06,0,10713.95,1,16869.58,157454.38,241,182879.36,18287936
q267000_d100,528.51,298.81,0,10902.11,1,16996.65,155902.44,241.89,183552.08,18355208
q268000_d100,537.32,303.83,0,10806.52,1,17124.21,158461.82,242.81,184251.72,18425172
q269000_d100,525.82,300.03,0,11078.74,1,17252.24,155723.83,243.71,184933.87,18493387
q270000_d100,529.14,302.45,0,11034.71,1,17380.75,157509.79,244.63,185641.83,18564183
q271000_d100,529.68,301.56,0,11209.98,1,17509.73,156197.65,245.52,186305.14,18630514
q272000_d100,540.63,304.8,0,11215.92,1,17639.19,157269.25,246.43,186997.67,18699767
q273000_d100,531.18,303.98,0,11344.77,1,17769.13,156628.34,247.33,187683.6,18768360
q274000_d100,543.45,308.28,0,11336.04,1,17899.55,157899.49,248.25,188385.85,18838585
q275000_d100,536.13,306.81,0,11560.35,1,18030.44,155967.87,249.14,189049.99,18904999
q276000_d100,543.51,310.15,0,11511.73,1,18161.81,157767.85,250.05,189746.1,18974610
q277000_d100,536.62,320.46,0,11785.02,1,18293.65,155227.98,250.96,190432.38,19043238
q278000_d100,554.46,315.58,0,11727.55,1,18425.97,157117.01,251.85,191102.25,19110225
q279000_d100,549.19,312.97,0,11863.57,1,18558.77,156435.05,252.77,191816,19181600
q280000_d100,550.7,321.04,0,11894.11,1,18692.05,157153.8,253.67,192493.55,19249355
q281000_d100,550.22,313.63,0,12097.94,1,18825.8,155611.7,254.58,193178.16,19317816
q282000_d100,555.05,316.59,0,12213.86,1,18960.03,155233.81,255.49,193880.6,19388060
q283000_d100,555.85,317.39,0,12541.31,1,19094.74,152254.71,256.38,194541.84,19454184
q284000_d100,554.98,319.82,0,12432.59,1,19229.92,154673.46,257.3,195243.32,19524332
q285000_d100,556.57,319.11,0,12732.72,1,19365.58,152093.07,258.22,195949.06,19594906
q286000_d100,557.11,319.21,0,12670.63,1,19501.72,153912.84,259.12,196632.51,19663251
q287000_d100,562.25,323.87,0,12883.24,1,19638.33,152433.22,260.02,197309.21,19730921
q288000_d100,561.55,323.06,0,11698.78,1,19775.42,169038.34,260.93,198004.55,19800455
q289000_d100,566.74,325.97,0,12923.34,1,19912.99,154085.51,261.83,198687.62,19868762
q290000_d100,559.36,322.9,0,12845.22,1,20051.04,156097.24,262.75,199387.34,19938734
q291000_d100,564.18,325.07,0,13143.42,1,20189.56,153609.6,263.64,200064.69,20006469
q292000_d100,565.84,325.53,0,13097.37,1,20328.56,155210.99,264.54,200733.33,20073333
q293000_d100,576,329.46,0,13468.32,1,20468.03,151971.68,265.44,201421.64,20142164
q294000_d100,579.27,329.77,0,13377.19,1,20607.98,154053.18,266.36,202128.17,20212817
q295000_d100,576.6,330.53,0,13490.73,1,20748.41,153797.58,267.25,202785.75,20278575
q296000_d100,578.83,332.35,0,13413.87,1,20889.32,155729.2,268.16,203479.29,20347929
q297000_d100,584.69,336.36,0,13602.4,1,21030.7,154610.2,269.07,204176.38,20417638
q298000_d100,580.05,334.48,0,13611.76,1,21172.56,155546.07,269.98,204869.84,20486984
q299000_d100,581.64,334.39,0,13855.49,1,21314.9,153837.21,270.89,205561.94,20556194
q300000_d100,577.72,335.09,0,13735.14,1,21457.71,156224.91,271.79,206243.43,20624343
q301000_d100,591.56,337.63,0,14046.98,1,21601,153776.87,272.69,206926.08,20692608
q302000_d100,582.97,337.65,0,13964.14,1,21744.76,155718.57,273.6,207614.84,20761484
q303000_d100,584.33,339.3,0,14149.33,1,21889.01,154699.94,274.51,208309.49,20830949
q304000_d100,594.65,341.62,0,14147.41,1,22033.73,155743.92,275.44,209022.74,20902274
q305000_d100,593.83,342.09,0,14382.06,1,22178.92,154212.46,276.34,209700.25,20970025
q306000_d100,587.48,342.38,0,14317.62,1,22324.6,155923.94,277.23,210369.9,21036990
q307000_d100,591.15,343.27,0,14587.3,1,22470.75,154043.26,278.14,211059.61,21105961
q308000_d100,601.83,344.83,0,14480.69,1,22617.38,156189.97,279.04,211745.97,21174597
q309000_d100,599.4,348.75,0,14765.47,1,22764.48,154173.8,279.95,212442.68,21244268
q310000_d100,596.88,346.94,0,14683.1,1,22912.06,156043.77,280.84,213107.7,21310770
q311000_d100,606.9,352.46,0,14864.8,1,23060.12,155132.45,281.76,213810.22,21381022
q312000_d100,604.89,353.86,0,14853.82,1,23208.65,156247.06,282.67,214494.15,21449415
q313000_d100,623.34,360.77,0,15040.94,1,23357.67,155293.97,283.55,215160.31,21516031
q314000_d100,626.48,361.54,0,19977.6,2,15671.64,156892.07,284.47,215856.3,21585630
q315000_d100,628.81,362.11,0,20254.17,2,15771.41,155734.99,285.4,216574.5,21657450
q316000_d100,627.38,363.84,0,19642.17,2,15871.51,161606.45,286.28,217233.81,21723381
q317000_d100,629.77,364.76,0,20319.22,2,15972.52,157215.89,287.2,217945.4,21794540
q318000_d100,629.43,361.63,0,20241.08,2,16073.25,158818.1,288.12,218641.16,21864116
q319000_d100,621,358.26,0,20640.03,2,16174.3,156727.43,289,219296.56,21929656
q320000_d100,622.07,359.38,0,20705.93,2,16276.27,157213.65,289.91,219995.91,21999591
q321000_d100,621.05,360.71,0,21020.46,2,16377.95,155828.64,290.82,220678.56,22067856
q322000_d100,629.47,370.1,0,21029.88,2,16479.95,156728.92,291.73,221372.68,22137268
q323000_d100,630.54,363.81,0,21178.88,2,16582.88,156598.27,292.62,222046.52,22204652
q324000_d100,632.45,365.72,0,21000.52,2,16685.51,158905.69,293.53,222730.34,22273034
q325000_d100,626.94,364.12,0,21082.2,2,16788.46,159266.66,294.41,223394.42,22339442
q326000_d100,623.3,363.92,0,21763.69,2,16892.35,155234.27,295.34,224109.48,22410948
q327000_d100,629.05,366.84,0,21787.6,2,16995.93,156014.72,296.25,224806.75,22480675
q328000_d100,628.4,367.57,0,21637.58,2,17099.83,158056.79,297.16,225498.4,22549840
q329000_d100,637.69,369.58,0,21631.89,2,17204.68,159067.74,298.06,226170.42,22617042
q330000_d100,629.33,377.72,0,21782.46,2,17309.22,158928.05,298.96,226855.92,22685592
q331000_d100,633,370.57,0,22276.44,2,17414.07,156345.15,299.88,227565.35,22756535
q332000_d100,645.63,377.45,0,22230.29,2,17519.87,157621.6,300.79,228253.13,22825313
q333000_d100,644.4,374.29,0,22671.64,2,17625.36,155483.73,301.69,228926.42,22892642
q334000_d100,640.36,374.19,0,22852.55,2,17731.16,155178.83,302.6,229624.84,22962484
q335000_d100,645.09,375.93,0,22999.36,2,17837.92,155116.71,303.49,230287.38,23028738
q336000_d100,647.04,377.28,0,20793.15,2,17944.36,172598.81,304.42,231005.16,23100516
q337000_d100,650.16,402.13,0,23196.96,2,18051.12,155633.46,305.31,231680.61,23168061
q338000_d100,651.21,381.01,0,23767.82,2,18158.84,152801.91,306.24,232389.28,23238928
q339000_d100,652.42,381.89,0,23977.6,2,18266.23,152360.78,307.13,233065.21,23306521
q340000_d100,657.29,384.66,0,23822.71,2,18373.94,154255.65,308.04,233758.8,23375880
q341000_d100,672.66,389.44,0,24374.86,2,18482.61,151653.07,308.93,234416.92,23441692
q342000_d100,650.19,382.63,0,23984.09,2,18590.95,155027.37,309.85,235129.08,23512908
q343000_d100,653.44,385,0,24172.58,2,18699.61,154717.59,310.76,235819.92,23581992
q344000_d100,661.4,388.81,0,24432.95,2,18809.25,153966.21,311.66,236497,23649700
q345000_d100,666.34,389.41,0,25057.68,2,18918.54,150999.97,312.56,237181.41,23718141
q346000_d100,658.35,387.04,0,25263.01,2,19028.15,150640.42,313.46,237860.93,23786093
q347000_d100,662.12,393.77,0,24628.9,2,19138.74,155416.97,314.36,238543.73,23854373
q348000_d100,663.61,389.38,0,24654.06,2,19248.99,156152.73,315.29,239254.56,23925456
q349000_d100,663.35,390.83,0,25072.52,2,19359.55,154428.44,316.18,239916.4,23991640
q350000_d100,665.68,392.17,0,25104.89,2,19471.1,155118.02,317.1,240630.24,24063024
q351000_d100,671.98,391.9,0,25459.26,2,19582.3,153832.43,318.01,241322,24132200
q352000_d100,675.41,395.48,0,25354.45,2,19693.81,155348.01,318.9,241987.37,24198737
q353000_d100,692.89,404.59,0,25682.04,2,19806.32,154242.59,319.81,242680.19,24268019
q354000_d100,687.51,399.9,0,25514.9,2,19918.47,156132.1,320.72,243372.94,24337294
q355000_d100,683.26,398.87,0,26030.25,2,20030.94,153905.06,321.62,244054.96,24405496
q356000_d100,682.42,400.93,0,25450.75,2,20144.4,158301.04,322.53,244752.37,24475237
q357000_d100,682.22,399.47,0,26679.51,2,20257.5,151858.11,323.44,245444.28,24544428
q358000_d100,678.91,401.23,0,26655.03,2,20370.92,152848.59,324.35,246131.11,24613111
q359000_d100,682.87,401.4,0,26477.99,2,20485.34,154734.85,325.25,246808.4,24680840
q360000_d100,692.46,405.28,0,26446.63,2,20599.39,155780.87,326.14,247484.66,24748466
q361000_d100,694.23,407.18,0,26830.64,2,20713.76,154403.81,327.06,248189.13,24818913
q362000_d100,699.14,420.89,0,27150.48,2,20829.14,153434.79,327.94,248836.36,24883636
q363000_d100,701.22,413.03,0,27332.77,2,20944.15,153253,328.86,249545.22,24954522
q364000_d100,706.28,414.68,0,26794.62,2,21059.47,157191.75,329.77,250238.94,25023894
q365000_d100,710.31,419.01,0,27387.04,2,21175.81,154641.08,330.7,250950.12,25095012
q366000_d100,706.31,412.51,0,27273.5,2,21291.76,156135.19,331.59,251618.23,25161823
q367000_d100,697.32,410.57,0,27768.96,2,21408.04,154186.83,332.46,252267.88,25226788
q368000_d100,708.16,414.23,0,27694.04,2,21525.33,155451,333.37,252952.98,25295298
q369000_d100,705.77,415.86,0,28307.78,2,21642.24,152906.63,334.29,253666.36,25366636
q370000_d100,701.96,415.32,0,28335.84,2,21759.46,153582.64,335.22,254377.27,25437727
q371000_d100,710.72,442.15,0,28260.35,2,21877.71,154829.77,336.11,255047.46,25504746
q372000_d100,713.6,419.25,0,28013.01,2,21995.57,157038.29,337.01,255725.46,25572546
q373000_d100,714.9,420.77,0,28379.77,2,22113.75,155841.68,337.92,256418.13,25641813
q374000_d100,716.86,421.64,0,28983.47,2,22232.96,153418.22,338.84,257121.26,25712126
q375000_d100,715.15,422.46,0,29158.47,2,22351.77,153312.36,339.75,257814.63,25781463
q376000_d100,714.01,420.75,0,28854.37,2,22470.9,155753.87,340.65,258492.68,25849268
q377000_d100,729.79,430.52,0,29048.37,2,22591.07,155541.03,341.55,259170.14,25917014
q378000_d100,720.79,425.65,0,29066.35,2,22710.83,156268.86,342.48,259890.04,25989004
q379000_d100,712.82,425.87,0,29551.73,2,22830.91,154514.87,343.39,260591.48,26059148
q380000_d100,730.38,427.38,0,29500.55,2,22952.03,155604.12,344.28,261257.12,26125712
q381000_d100,719,427.12,0,30085.58,2,23072.75,153380.79,345.19,261945.15,26194515
q382000_d100,731.13,431.12,0,30309.66,2,23193.78,153045.48,346.08,262614.29,26261429
q383000_d100,731.79,431.99,0,30145.18,2,23315.86,154690.48,347,263317.15,26331715
q384000_d100,736.3,433.34,0,30331.11,3,15624.78,154542.1,347.9,263993.84,26399384
q385000_d100,728.12,433.51,0,30778.9,3,15706.59,153091.12,348.8,264679.95,26467995
q386000_d100,727.97,433.44,0,31255.12,3,15788.61,151545.87,349.71,265366.43,26536643
q387000_d100,739.57,436.47,0,30505.83,3,15870.11,156069.64,350.62,266057.48,26605748
q388000_d100,756.04,448.92,0,30319.67,3,15951.83,157836.4,351.51,266737.42,26673742
q389000_d100,740.22,436.8,0,30790.66,3,16034.49,156227.44,352.41,267405.02,26740502
q390000_d100,745.16,440.51,0,31839.13,3,16117.36,151863.75,353.3,268076.56,26807656
q391000_d100,736.9,438.53,0,31761.34,3,16199.71,153013.44,354.21,268768.27,26876827
q392000_d100,737.61,440.77,0,31632.32,3,16283.01,154427.58,355.14,269483.53,26948353
q393000_d100,736.91,440.98,0,31781.39,3,16365.78,154484.51,356.05,270177.64,27017764
q394000_d100,747.69,448.32,0,32589.52,3,16449.5,151424.49,356.96,270870.55,27087055
q395000_d100,750.21,449.41,0,32118.92,3,16533.44,154427.16,357.86,271554.97,27155497
q396000_d100,742.94,444.23,0,32054.5,3,16616.84,155518.02,358.76,272229.92,27222992
q397000_d100,746.18,446.04,0,32046.03,3,16700.45,156341.82,359.66,272918.69,27291869
q398000_d100,748.47,448.62,0,32411.41,3,16785.03,155362.25,360.58,273619.37,27361937
q399000_d100,762.29,450.55,0,32467.4,3,16869.82,155877.79,361.47,274291.35,27429135
q400000_d100,761.37,451.52,0,32268.93,3,16954.06,157619.7,362.39,274995.31,27499531
q401000_d100,752.61,451.89,0,33138.71,3,17039.28,154254.14,363.33,275720.54,27572054
q402000_d100,754.06,476.68,0,33467.62,3,17123.94,153497.08,364.22,276388.32,27638832
q403000_d100,756.18,453.23,0,33296.5,3,17209.58,155057.58,365.12,277068.85,27706885
q404000_d100,774.71,462.14,0,33342.14,3,17295.44,155617.85,366.02,277748.71,27774871
q405000_d100,776.04,465.05,0,33212.61,3,17380.74,156995.23,366.92,278433.54,27843354
q406000_d100,778.08,462.38,0,34256.23,3,17466.24,152961.15,367.84,279130.48,27913048
q407000_d100,770.21,458.9,0,34238.53,3,17552.74,153798.09,368.73,279803.53,27980353
q408000_d100,790.25,468.81,0,34243.86,3,17639.44,154533.75,369.63,280476.9,28047690
q409000_d100,783.23,463.77,0,34749.63,3,17725.58,153028.24,370.53,281162.35,28116235
q410000_d100,777.09,462.91,0,34291.88,3,17812.71,155833.19,371.45,281863.33,28186333
q411000_d100,783.12,468.4,0,34707.85,3,17899.27,154713.76,372.35,282546.06,28254606
q412000_d100,785.68,467.78,0,34290.87,3,17986.83,157361.1,373.24,283212.28,28321228
q413000_d100,780.81,467.23,0,34834.5,3,18074.6,155661.22,374.16,283917.78,28391778
q414000_d100,786.9,467.54,0,34585.03,3,18161.8,157540.4,375.07,284607.03,28460703
q415000_d100,796.02,471.21,0,34972.75,3,18249.2,156543.6,375.99,285313.75,28531375
q416000_d100,796.31,477.95,0,35010.94,3,18337.61,157130.37,376.89,285997.43,28599743
q417000_d100,802.58,479.69,0,35392.74,3,18426.23,156186.49,377.79,286674.33,28667433
q418000_d100,789.09,472.99,0,34518.92,3,18514.27,160905.39,378.68,287342.03,28734203
q419000_d100,785.65,471.15,0,36153.92,3,18603.31,154367.62,379.61,288055.88,28805588
q420000_d100,789.99,479.7,0,35989.68,3,18691.77,155809.43,380.51,288747.51,28874751
q421000_d100,800.79,476.56,0,36081.52,3,18781.24,156156.76,381.41,289426,28942600
q422000_d100,802.92,479.1,0,37011.45,3,18870.93,152960.2,382.31,290099.75,29009975
q423000_d100,786.25,475.83,0,36085.26,3,18960.02,157626.87,383.22,290798.12,29079812
q424000_d100,798.97,478.83,0,36778.77,3,19049.32,155383.04,384.14,291499.78,29149978
q425000_d100,806.13,480.57,0,37057.36,3,19139.65,154946.13,385.04,292182.58,29218258
q426000_d100,810.09,485.1,0,37592.39,3,19230.18,153463.35,385.94,292852.93,29285293
q427000_d100,801.62,482.42,0,37837.15,3,19320.12,153183.74,386.82,293517.31,29351731
q428000_d100,813.25,484.18,0,37181.86,3,19411.08,156617.35,387.73,294203.94,29420394
q429000_d100,801.57,483.06,0,37612.52,3,19501.44,155544.76,388.67,294932.52,29493252
q430000_d100,800.56,484.13,0,38069.3,3,19592.82,154398.59,389.59,295645.3,29564530
q431000_d100,803.98,484.89,0,37736.95,3,19684.42,156486.61,390.5,296331.12,29633112
q432000_d100,805.67,486.24,0,34640.36,3,19775.41,171263.36,391.38,296996.02,29699602
q433000_d100,808.75,487.21,0,38025.49,3,19866.61,156736.55,392.27,297659.11,29765911
q434000_d100,839.31,507.49,0,38883.71,3,19958.85,153988.79,393.2,298379.34,29837934
q435000_d100,812.14,489.23,0,38599.63,3,20051.3,155840.61,394.1,299059.85,29905985
q436000_d100,812.18,494.98,0,38589.99,3,20143.13,156593.48,395.01,299754.46,29975446
q437000_d100,827.03,495.19,0,39412.03,3,20236.01,154034.29,395.91,300427.1,30042710
q438000_d100,818.33,493.39,0,39752.89,3,20328.27,153409.74,396.8,301091.51,30109151
q439000_d100,829.56,500.62,0,39417.98,3,20421.57,155423.24,397.72,301796,30179600
q440000_d100,821.33,496.58,0,39375.97,3,20515.08,156301.55,398.62,302478.27,30247827
q441000_d100,823.51,496.65,0,39258.84,3,20607.97,157477.71,399.52,303157.44,30315744
q442000_d100,842.85,505.13,0,40421.8,3,20701.07,153637.92,400.43,303848.3,30384830
q443000_d100,834.49,501.02,0,39938.47,3,20795.22,156204.44,401.33,304530.96,30453096
q444000_d100,832.88,508.2,0,40052.74,3,20889.59,156465.62,402.24,305226.42,30522642
q445000_d100,829,501.44,0,40887.03,3,20983.32,153960.68,403.16,305924.39,30592439
q446000_d100,835.56,503.01,0,39432.64,3,21078.11,160360.37,404.08,306631.5,30663150
q447000_d100,840.63,508.94,0,40876.74,3,21172.26,155386.13,404.97,307304.49,30730449
q448000_d100,837.87,505.26,0,40753.04,3,21267.48,156558.71,405.88,307988.72,30798872
q449000_d100,861.02,516.42,0,41033.3,3,21362.91,156187.12,406.78,308675.85,30867585
q450000_d100,856.69,514.58,0,40821.37,3,21457.7,157694.6,407.7,309376.87,30937687
q451000_d100,844.25,510.68,0,41428.32,3,21552.69,156072.18,408.61,310069.72,31006972
q452000_d100,849.87,513.78,0,40995.12,3,21648.76,158424.43,409.52,310768.44,31076844
q453000_d100,846.47,509.79,0,41780.93,3,21745.04,156136.12,410.41,311433.76,31143376
q454000_d100,846.26,515.03,0,41708.83,3,21840.67,157093.85,411.31,312107.31,31210731
q455000_d100,853.06,513.96,0,42442.81,3,21937.38,155060.71,412.22,312803.95,31280395
q456000_d100,858.64,516,0,42138.78,3,22033.43,156863.3,413.13,313504.52,31350452
q457000_d100,852.62,515.21,0,42859.07,3,22130.56,154906.93,414.05,314207.4,31420740
q458000_d100,878.4,528.57,0,43281.33,3,22227.9,154070.37,414.96,314892.68,31489268
q459000_d100,864.89,520.32,0,42572.1,3,22324.59,157318.42,415.85,315558.82,31555882
q460000_d100,852.31,518.84,0,42926.75,3,22421.48,156695.86,416.74,316234.88,31623488
q461000_d100,863.8,525.45,0,43585.77,3,22519.46,155001.03,417.63,316897.37,31689737
q462000_d100,867.55,524.64,0,44096.44,3,22617.66,153874.04,418.55,317599.7,31759970
q463000_d100,870.11,526.24,0,44031.64,3,22715.19,154764.96,419.47,318304.75,31830475
q464000_d100,866.58,529.47,0,43602.64,3,22813.81,156966.23,420.38,318996.13,31899613
q465000_d100,872.8,525.87,0,44207.09,3,22911.75,155484.69,421.27,319662.37,31966237
q466000_d100,871.66,530.99,0,44632.22,3,23010.8,154669.44,422.18,320359.11,32035911
q467000_d100,873.86,533.81,0,44533.59,3,23110.06,155680.64,423.08,321044.16,32104416
q468000_d100,872.89,526.7,0,44396.44,3,23208.64,156827.75,424,321739.04,32173904
q469000_d100,873.72,529.6,0,44856.65,3,23307.43,155879.46,424.91,322439.35,32243935
q470000_d100,892.54,537.73,0,45566.11,3,23407.33,154110.13,425.82,323128.08,32312808
q471000_d100,883.76,532.71,0,40044.26,4,15671.93,156546.07,426.72,323804.9,32380490
q472000_d100,877.35,532.6,0,39906.53,4,15737.61,157744.73,427.63,324506.17,32450617
q473000_d100,891.22,536.36,0,39704.36,4,15805.24,159229.23,428.54,325189.25,32518925
q474000_d100,881.41,536.2,0,41060.99,4,15871.2,154610.98,429.46,325896.63,32589663
q475000_d100,895.03,541.17,0,40832.91,4,15939.11,156139.84,430.36,326579.58,32657958
q476000_d100,889.36,538.89,0,40510.72,4,16006.26,158044.68,431.25,327252.26,32725226
q477000_d100,903.91,542.98,0,40539.02,4,16073.55,158598.27,432.16,327936.79,32793679
q478000_d100,895.1,542.65,0,41534.36,4,16140.07,155438.2,433.06,328619.46,32861946
q479000_d100,897.63,544.99,0,41431.31,4,16208.55,156485.99,433.95,329289.36,32928936
q480000_d100,905.82,552.03,0,42345,4,16276.26,153772.77,434.87,329991.91,32999191
q481000_d100,905.36,547.03,0,41069.18,4,16344.12,159186.19,435.77,330674.32,33067432
q482000_d100,916.46,552.24,0,41271.56,4,16412.11,159064.61,436.67,331354.91,33135491
q483000_d100,906.95,548.52,0,42094.31,4,16480.25,156603.08,437.59,332059.5,33205950
q484000_d100,908.67,548.67,0,41948.68,4,16548.53,157797.83,438.49,332734.49,33273449
q485000_d100,913.05,553.12,0,41718.62,4,16616.94,159324,439.4,333431.66,33343166
q486000_d100,917.79,552.89,0,42281.5,4,16685.5,157851.56,440.32,334138.89,33413889
q487000_d100,918,555.06,0,42654.15,4,16754.2,157116.75,441.23,334830.11,33483011
q488000_d100,917.91,555.84,0,42401.2,4,16823.05,158703.47,442.13,335512.16,33551216
q489000_d100,914.61,555.19,0,42251.62,4,16892.03,159918.4,443.04,336198.39,33619839
q490000_d100,923.01,556.82,0,42644.2,4,16961.15,159094.59,443.93,336868.53,33686853
q491000_d100,919.39,558.88,0,43500.58,4,17030.42,156599.46,444.84,337555.89,33755589
q492000_d100,922.88,556.58,0,43161.25,4,17099.83,158473.86,445.74,338235.07,33823507
q493000_d100,922,559.84,0,42959.59,4,17169.37,159865.34,446.66,338950.53,33895053
q494000_d100,934.97,562.68,0,44299.54,4,17240,155667.56,447.55,339616.42,33961642
q495000_d100,939.15,569.66,0,44171.42,4,17308.89,156742.91,448.47,340313.42,34031342
q496000_d100,947.08,572.32,0,43916.63,4,17378.86,158289.58,449.36,340979.44,34097944
q497000_d100,939.19,569.12,0,43715.79,4,17448.97,159658.35,450.28,341686.37,34168637
q498000_d100,939.88,566.36,0,45309.86,4,17520.18,154669.9,451.2,342397.1,34239710
q499000_d100,950.62,576.04,0,44974.96,4,17589.62,156439.26,452.09,343061.38,34306138
q500000_d100,933.51,567.2,0,43864.21,4,17661.11,161052.61,453,343752.12,34375212
